Location_Unique,Lat,Long,Status,Sentiment_Score_median,INTTNLETRCCN_nKVE/dl_median,E_COLI_nKVE/dl_median,CHLFa_ug/l_blauwalg_median,FG_median,TG_median,SQ_median,DR_median,RH_median,Normalized_Amenities_Score
Marineterrein,52.3728574,4.9145315,unofficial,0.765,50.0,350.0,0.55,4.3,18.2,6.0,0.2,0.1,0.43
Marineterrein,52.3728574,4.9145315,unofficial,,30.0,195.0,0.5,4.5,19.950000000000003,13.2,0.0,0.0,0.43
Marineterrein,52.3728574,4.9145315,unofficial,0.3818,,,0.5,4.35,6.65,2.9,0.0,0.0,0.43
Marineterrein,52.3728574,4.9145315,unofficial,0.9379,,,0.5,4.4,13.7,4.3,0.3,0.2,0.43
Marineterrein,52.3728574,4.9145315,unofficial,0.0,180.0,250.0,0.8,3.4,14.45,7.3,1.75,2.8499999999999996,0.43
Marineterrein,52.3728574,4.9145315,unofficial,0.0,25.0,250.0,0.75,3.4,19.8,9.0,0.0,0.0,0.43
Marineterrein,52.3728574,4.9145315,unofficial,0.6835,60.0,290.0,0.6,4.2,17.4,9.2,0.0,0.0,0.43
Marineterrein,52.3728574,4.9145315,unofficial,0.705,80.0,480.0,0.5,4.15,16.799999999999997,10.95,0.0,0.0,0.43
Marineterrein,52.3728574,4.9145315,unofficial,0.8642,30.0,290.0,0.5,4.0,14.0,9.0,0.0,0.0,0.43
Marineterrein,52.3728574,4.9145315,unofficial,,,,0.5,4.1,8.7,9.8,0.0,0.0,0.43
Marineterrein,52.3728574,4.9145315,unofficial,0.1348,,,0.5,7.8,6.949999999999999,3.85,2.1,1.5,0.43
Marineterrein,52.3728574,4.9145315,unofficial,0.8012,,,,3.3,8.1,1.45,0.9,0.4,0.43
Marineterrein,52.3728574,4.9145315,unofficial,0.08385,17.5,90.0,0.5,3.45,16.45,6.0,0.0,0.0,0.43
Marineterrein,52.3728574,4.9145315,unofficial,,30.0,270.0,0.5,4.5,17.0,5.6,0.1,0.1,0.43
Marineterrein,52.3728574,4.9145315,unofficial,0.765,20.0,110.0,0.6,3.55,17.85,8.149999999999999,0.0,0.0,0.43
Marineterrein,52.3728574,4.9145315,unofficial,,50.0,310.0,,4.4,11.1,5.9,1.2,1.3,0.43
Marineterrein,52.3728574,4.9145315,unofficial,,,,,4.2,6.3,3.3,0.0,0.0,0.43
Marineterrein,52.3728574,4.9145315,unofficial,0.3404,,,,5.6,11.5,2.4,1.7,2.1,0.43
Marineterrein,52.3728574,4.9145315,unofficial,0.2787,100.0,515.0,,4.55,15.35,5.95,0.0,0.0,0.43
Marineterrein,52.3728574,4.9145315,unofficial,0.6597,90.0,420.0,0.5,4.0,20.4,7.5,0.4,0.3,0.43
Marineterrein,52.3728574,4.9145315,unofficial,,110.0,250.0,0.5,4.7,15.35,5.449999999999999,0.8,0.6499999999999999,0.43
Marineterrein,52.3728574,4.9145315,unofficial,0.83205,20.0,270.0,1.4,3.8,18.1,8.4,0.0,0.0,0.43
Erasmuspark,52.3765421,4.8448668,unofficial,0.5994,,,,6.0,8.8,2.2,3.65,3.9,0.43
Erasmuspark,52.3765421,4.8448668,unofficial,0.42755,,,,4.8,12.4,2.4,3.4,5.0,0.43
Erasmuspark,52.3765421,4.8448668,unofficial,0.5994,15.0,180.0,1.3,3.1,17.5,6.15,0.0,0.0,0.43
Erasmuspark,52.3765421,4.8448668,unofficial,0.8074,140.0,1200.0,1.2,4.3,18.2,6.0,0.2,0.1,0.43
Erasmuspark,52.3765421,4.8448668,unofficial,0.6407499999999999,30.0,110.0,0.9,5.8,18.0,6.8,0.4,0.3,0.43
Erasmuspark,52.3765421,4.8448668,unofficial,0.5075000000000001,15.0,110.0,0.5,4.5,19.950000000000003,13.2,0.0,0.0,0.43
Erasmuspark,52.3765421,4.8448668,unofficial,0.9046,50.0,130.0,1.9,4.3,13.6,8.8,0.0,0.0,0.43
Erasmuspark,52.3765421,4.8448668,unofficial,0.802,15.0,220.0,0.5,4.55,9.1,6.5,0.2,0.1,0.43
Erasmuspark,52.3765421,4.8448668,unofficial,0.5164500000000001,,,,5.0,6.7,2.9,2.0,1.3,0.43
Erasmuspark,52.3765421,4.8448668,unofficial,0.2023,,,,4.35,6.65,2.9,0.0,0.0,0.43
Erasmuspark,52.3765421,4.8448668,unofficial,0.9252,,,,6.1,6.3,1.2,2.2,2.2,0.43
Erasmuspark,52.3765421,4.8448668,unofficial,0.13795,,,,4.6,4.5,1.8,1.4,0.5,0.43
Erasmuspark,52.3765421,4.8448668,unofficial,0.6919500000000001,,,,5.65,9.4,2.3499999999999996,1.75,1.85,0.43
Erasmuspark,52.3765421,4.8448668,unofficial,0.4927,,,,4.4,13.7,4.3,0.3,0.2,0.43
Erasmuspark,52.3765421,4.8448668,unofficial,0.5719,15.0,560.0,0.5,3.4,14.45,7.3,1.75,2.8499999999999996,0.43
Erasmuspark,52.3765421,4.8448668,unofficial,0.5859,20.0,230.0,1.0,3.4,19.8,9.0,0.0,0.0,0.43
Erasmuspark,52.3765421,4.8448668,unofficial,0.4939,15.0,140.0,0.7,4.2,17.4,9.2,0.0,0.0,0.43
Erasmuspark,52.3765421,4.8448668,unofficial,0.80145,15.0,200.0,0.5,4.15,16.799999999999997,10.95,0.0,0.0,0.43
Erasmuspark,52.3765421,4.8448668,unofficial,0.5994,30.0,140.0,0.6,4.0,14.0,9.0,0.0,0.0,0.43
Erasmuspark,52.3765421,4.8448668,unofficial,0.6411500000000001,15.0,90.0,1.0,4.6,9.9,8.2,0.0,0.0,0.43
Erasmuspark,52.3765421,4.8448668,unofficial,0.5994,,,,4.1,8.7,9.8,0.0,0.0,0.43
Erasmuspark,52.3765421,4.8448668,unofficial,0.4899,,,,7.8,6.949999999999999,3.85,2.1,1.5,0.43
Erasmuspark,52.3765421,4.8448668,unofficial,0.5719,,,,5.0,5.5,1.0,0.0,0.0,0.43
Erasmuspark,52.3765421,4.8448668,unofficial,0.7717,,,,4.7,5.3,0.2,1.2,0.6,0.43
Erasmuspark,52.3765421,4.8448668,unofficial,0.7137,,,,3.3,8.1,1.45,0.9,0.4,0.43
Erasmuspark,52.3765421,4.8448668,unofficial,0.8225,,,,5.4,11.9,2.7,1.3,1.5,0.43
Erasmuspark,52.3765421,4.8448668,unofficial,0.6479,30.0,270.0,0.6,3.45,16.45,6.0,0.0,0.0,0.43
Erasmuspark,52.3765421,4.8448668,unofficial,0.5994,50.0,780.0,1.4,4.5,17.0,5.6,0.1,0.1,0.43
Erasmuspark,52.3765421,4.8448668,unofficial,0.5719,20.0,140.0,1.0,3.6,17.9,5.3,0.0,0.0,0.43
Erasmuspark,52.3765421,4.8448668,unofficial,0.5994,15.0,550.0,2.7,3.55,17.85,8.149999999999999,0.0,0.0,0.43
Erasmuspark,52.3765421,4.8448668,unofficial,0.59265,15.0,250.0,99.8,4.4,11.1,5.9,1.2,1.3,0.43
Erasmuspark,52.3765421,4.8448668,unofficial,0.59265,130.0,310.0,0.5,4.4,6.85,7.0,0.0,0.0,0.43
Erasmuspark,52.3765421,4.8448668,unofficial,0.0,,,,4.2,6.3,3.3,0.0,0.0,0.43
Erasmuspark,52.3765421,4.8448668,unofficial,0.6996,,,,5.15,5.25,5.2,0.0,0.0,0.43
Erasmuspark,52.3765421,4.8448668,unofficial,0.5859,,,,4.8,3.2,1.5,1.4,0.8,0.43
Erasmuspark,52.3765421,4.8448668,unofficial,0.4215,,,,4.7,5.5,0.9,2.0,1.3,0.43
Erasmuspark,52.3765421,4.8448668,unofficial,0.6451,,,,4.5,8.9,2.3,0.3,0.25,0.43
Erasmuspark,52.3765421,4.8448668,unofficial,0.4215,,,,5.6,11.5,2.4,1.7,2.1,0.43
Erasmuspark,52.3765421,4.8448668,unofficial,0.5016,,,,4.55,15.35,5.95,0.0,0.0,0.43
Erasmuspark,52.3765421,4.8448668,unofficial,0.5988500000000001,,,,4.0,20.4,7.5,0.4,0.3,0.43
Erasmuspark,52.3765421,4.8448668,unofficial,0.5497000000000001,,,,4.2,17.3,6.4,0.3,0.3,0.43
Erasmuspark,52.3765421,4.8448668,unofficial,0.62775,,,,4.15,17.45,7.85,0.3,0.35,0.43
Erasmuspark,52.3765421,4.8448668,unofficial,0.4215,,,,4.5,13.6,11.7,0.0,0.0,0.43
Erasmuspark,52.3765421,4.8448668,unofficial,0.717,,,,3.9,11.8,10.75,0.0,0.0,0.43
Erasmuspark,52.3765421,4.8448668,unofficial,0.0,,,,5.8,6.8,6.7,0.0,0.0,0.43
Erasmuspark,52.3765421,4.8448668,unofficial,0.0,,,,9.2,7.6,2.6,2.5,2.7,0.43
Erasmuspark,52.3765421,4.8448668,unofficial,0.66705,,,,6.2,6.5,0.4,1.0,0.7,0.43
Erasmuspark,52.3765421,4.8448668,unofficial,0.8126,,,,5.2,6.2,2.4,1.6,0.7,0.43
Erasmuspark,52.3765421,4.8448668,unofficial,0.6124,,,,4.05,6.2,1.4,0.6,0.8,0.43
Erasmuspark,52.3765421,4.8448668,unofficial,0.1909,,,,4.7,11.8,2.4,1.6,1.5,0.43
Erasmuspark,52.3765421,4.8448668,unofficial,0.5994,,,,4.7,15.35,5.449999999999999,0.8,0.6499999999999999,0.43
Erasmuspark,52.3765421,4.8448668,unofficial,0.44015,,,,4.6,18.5,7.6,0.0,0.0,0.43
Erasmuspark,52.3765421,4.8448668,unofficial,0.6114,,,,3.8,18.1,8.4,0.0,0.0,0.43
Erasmuspark,52.3765421,4.8448668,unofficial,0.5994,,,,4.25,16.950000000000003,9.4,0.05,0.05,0.43
Erasmuspark,52.3765421,4.8448668,unofficial,0.5703,,,,4.0,11.9,6.9,0.0,0.0,0.43
Gaasperplas,52.3069241,4.9864444,official,0.5994,,,,4.8,12.4,2.4,3.4,5.0,0.36
Gaasperplas,52.3069241,4.9864444,official,0.38585,200.0,390.0,0.55,3.1,17.5,6.15,0.0,0.0,0.36
Gaasperplas,52.3069241,4.9864444,official,0.5789,25.0,265.0,1.35,4.3,18.2,6.0,0.2,0.1,0.36
Gaasperplas,52.3069241,4.9864444,official,0.6759,15.0,145.0,0.75,5.8,18.0,6.8,0.4,0.3,0.36
Gaasperplas,52.3069241,4.9864444,official,0.802,25.0,220.0,1.2,4.5,19.950000000000003,13.2,0.0,0.0,0.36
Gaasperplas,52.3069241,4.9864444,official,0.0,15.0,60.0,4.15,4.3,13.6,8.8,0.0,0.0,0.36
Gaasperplas,52.3069241,4.9864444,official,,,,6.8,4.55,9.1,6.5,0.2,0.1,0.36
Gaasperplas,52.3069241,4.9864444,official,0.7425,,,5.4,5.0,6.7,2.9,2.0,1.3,0.36
Gaasperplas,52.3069241,4.9864444,official,,,,0.4,4.6,4.5,1.8,1.4,0.5,0.36
Gaasperplas,52.3069241,4.9864444,official,0.7269,,,0.5,5.65,9.4,2.3499999999999996,1.75,1.85,0.36
Gaasperplas,52.3069241,4.9864444,official,0.9359,,,1.0,4.4,13.7,4.3,0.3,0.2,0.36
Gaasperplas,52.3069241,4.9864444,official,0.8172,40.0,160.0,0.9,3.4,14.45,7.3,1.75,2.8499999999999996,0.36
Gaasperplas,52.3069241,4.9864444,official,0.64785,17.5,80.0,0.9,3.4,19.8,9.0,0.0,0.0,0.36
Gaasperplas,52.3069241,4.9864444,official,0.3953,30.0,205.0,0.9,4.2,17.4,9.2,0.0,0.0,0.36
Gaasperplas,52.3069241,4.9864444,official,0.5859,17.5,80.0,0.7,4.15,16.799999999999997,10.95,0.0,0.0,0.36
Gaasperplas,52.3069241,4.9864444,official,0.6361,17.5,20.0,0.5,4.0,14.0,9.0,0.0,0.0,0.36
Gaasperplas,52.3069241,4.9864444,official,0.4215,77.5,32.5,0.5,4.6,9.9,8.2,0.0,0.0,0.36
Gaasperplas,52.3069241,4.9864444,official,0.0,,,0.5,4.1,8.7,9.8,0.0,0.0,0.36
Gaasperplas,52.3069241,4.9864444,official,0.2294,,,5.0,7.8,6.949999999999999,3.85,2.1,1.5,0.36
Gaasperplas,52.3069241,4.9864444,official,,,,0.5,5.0,5.5,1.0,0.0,0.0,0.36
Gaasperplas,52.3069241,4.9864444,official,0.0,,,0.5,4.7,5.3,0.2,1.2,0.6,0.36
Gaasperplas,52.3069241,4.9864444,official,0.2863,35.0,250.0,1.05,3.45,16.45,6.0,0.0,0.0,0.36
Gaasperplas,52.3069241,4.9864444,official,0.7717,80.0,360.0,1.15,4.5,17.0,5.6,0.1,0.1,0.36
Gaasperplas,52.3069241,4.9864444,official,0.5032,30.0,80.0,0.8,3.6,17.9,5.3,0.0,0.0,0.36
Gaasperplas,52.3069241,4.9864444,official,,20.0,300.0,0.5,3.55,17.85,8.149999999999999,0.0,0.0,0.36
Gaasperplas,52.3069241,4.9864444,official,0.6384,20.0,110.0,0.5,4.4,11.1,5.9,1.2,1.3,0.36
Gaasperplas,52.3069241,4.9864444,official,,30.0,15.0,0.5,4.4,6.85,7.0,0.0,0.0,0.36
Gaasperplas,52.3069241,4.9864444,official,0.7016,,,0.5,4.2,6.3,3.3,0.0,0.0,0.36
Gaasperplas,52.3069241,4.9864444,official,0.75665,,,0.5,5.15,5.25,5.2,0.0,0.0,0.36
Gaasperplas,52.3069241,4.9864444,official,0.3182,,,0.6,4.8,3.2,1.5,1.4,0.8,0.36
Gaasperplas,52.3069241,4.9864444,official,0.0,,,0.6,4.7,5.5,0.9,2.0,1.3,0.36
Gaasperplas,52.3069241,4.9864444,official,0.38585,,,0.6,4.5,8.9,2.3,0.3,0.25,0.36
Gaasperplas,52.3069241,4.9864444,official,0.6992499999999999,,,1.6,5.6,11.5,2.4,1.7,2.1,0.36
Gaasperplas,52.3069241,4.9864444,official,0.7964,32.5,310.0,1.6,4.55,15.35,5.95,0.0,0.0,0.36
Gaasperplas,52.3069241,4.9864444,official,,45.0,485.0,1.35,4.0,20.4,7.5,0.4,0.3,0.36
Gaasperplas,52.3069241,4.9864444,official,,25.0,160.0,1.9,4.2,17.3,6.4,0.3,0.3,0.36
Gaasperplas,52.3069241,4.9864444,official,0.0,40.0,125.0,0.55,4.15,17.45,7.85,0.3,0.35,0.36
Gaasperplas,52.3069241,4.9864444,official,0.4215,45.0,90.0,0.5,4.5,13.6,11.7,0.0,0.0,0.36
Gaasperplas,52.3069241,4.9864444,official,0.4754,,,0.5,5.8,6.8,6.7,0.0,0.0,0.36
Gaasperplas,52.3069241,4.9864444,official,0.5994,,,0.5,9.2,7.6,2.6,2.5,2.7,0.36
Gaasperplas,52.3069241,4.9864444,official,0.4593,,,0.5,6.2,6.5,0.4,1.0,0.7,0.36
Gaasperplas,52.3069241,4.9864444,official,,,,0.5,5.2,6.2,2.4,1.6,0.7,0.36
Gaasperplas,52.3069241,4.9864444,official,0.0,,,0.6,4.05,6.2,1.4,0.6,0.8,0.36
Gaasperplas,52.3069241,4.9864444,official,0.6124,,,0.6,4.7,11.8,2.4,1.6,1.5,0.36
Gaasperplas,52.3069241,4.9864444,official,0.4927,130.0,840.0,1.8,4.7,15.35,5.449999999999999,0.8,0.6499999999999999,0.36
Gaasperplas,52.3069241,4.9864444,official,0.4843,30.0,350.0,0.8,4.6,18.5,7.6,0.0,0.0,0.36
Gaasperplas,52.3069241,4.9864444,official,0.7527,110.0,210.0,1.7,3.8,18.1,8.4,0.0,0.0,0.36
Gaasperplas,52.3069241,4.9864444,official,0.5719,40.0,205.0,1.6,4.25,16.950000000000003,9.4,0.05,0.05,0.36
Gaasperplas,52.3069241,4.9864444,official,0.4215,20.0,70.0,0.8,4.0,11.9,6.9,0.0,0.0,0.36
Gaasperplas,52.3069241,4.9864444,official,0.6387,40.0,47.5,0.5,4.8,10.4,10.5,0.0,0.0,0.36
Gaasperplas,52.3069241,4.9864444,official,0.764,,,0.5,6.5,8.1,3.0,1.0,0.4,0.36
Gaasperplas,52.3069241,4.9864444,official,0.3703499999999999,,,0.5,4.1,7.15,6.35,0.0,0.0,0.36
Gaasperplas,52.3069241,4.9864444,official,,,,0.5,5.1,4.6,0.7,1.3,0.7,0.36
Gaasperplas,52.3069241,4.9864444,official,0.6361,,,0.5,5.6,6.5,0.7,1.5,0.8,0.36
Gaasperplas,52.3069241,4.9864444,official,,,,0.5,4.75,6.9,1.35,0.0,0.0,0.36
Gaasperplas,52.3069241,4.9864444,official,0.53235,,,0.5,4.2,12.7,6.8,0.0,0.0,0.36
Gaasperplas,52.3069241,4.9864444,official,,30.0,180.0,0.5,4.199999999999999,15.25,6.300000000000001,0.0,0.0,0.36
Gaasperplas,52.3069241,4.9864444,official,0.5719,20.0,90.0,1.0,4.0,19.0,7.0,0.0,0.0,0.36
Gaasperplas,52.3069241,4.9864444,official,0.4215,55.0,220.0,0.5,3.3,20.0,11.7,0.0,0.0,0.36
Gaasperplas,52.3069241,4.9864444,official,0.5244,20.0,50.0,0.65,4.25,17.0,7.25,0.0,0.0,0.36
Gaasperplas,52.3069241,4.9864444,official,0.8442,15.0,20.0,0.5,3.9,17.8,10.3,0.0,0.0,0.36
Gaasperplas,52.3069241,4.9864444,official,,,,0.5,4.6,5.6,4.0,1.0,0.2,0.36
Gaasperplas,52.3069241,4.9864444,official,,,,,5.449999999999999,1.5,6.4,0.0,0.0,0.36
Gaasperplas,52.3069241,4.9864444,official,0.5994,,,0.5,6.5,5.2,0.9,1.7,0.8,0.36
Gaasperplas,52.3069241,4.9864444,official,,,,,5.8,5.3,0.3,2.8,2.8,0.36
Gaasperplas,52.3069241,4.9864444,official,0.7783,17.5,45.0,0.5,3.7,14.35,4.9,0.75,0.5,0.36
Gaasperplas,52.3069241,4.9864444,official,0.6249,17.5,75.0,0.5,3.5,17.4,6.6,0.3,0.2,0.36
Gaasperplas,52.3069241,4.9864444,official,,20.0,50.0,0.5,4.45,9.05,7.15,0.35,0.05,0.36
Gaasperplas,52.3069241,4.9864444,official,0.0,,,,3.8,1.3,2.3,0.3,0.1,0.36
Gaasperplas,52.3069241,4.9864444,official,0.9398,,,0.5,3.8,9.9,4.3,0.0,0.0,0.36
Gaasperplas,52.3060961,4.9879584,official,,200.0,390.0,0.55,3.1,17.5,6.15,0.0,0.0,0.29
Gaasperplas,52.3060961,4.9879584,official,0.9169,15.0,145.0,0.75,5.8,18.0,6.8,0.4,0.3,0.29
Gaasperplas,52.3060961,4.9879584,official,,25.0,220.0,1.2,4.5,19.950000000000003,13.2,0.0,0.0,0.29
Gaasperplas,52.3060961,4.9879584,official,,15.0,60.0,4.15,4.3,13.6,8.8,0.0,0.0,0.29
Gaasperplas,52.3060961,4.9879584,official,,40.0,160.0,0.9,3.4,14.45,7.3,1.75,2.8499999999999996,0.29
Gaasperplas,52.3060961,4.9879584,official,0.6361,17.5,80.0,0.9,3.4,19.8,9.0,0.0,0.0,0.29
Gaasperplas,52.3060961,4.9879584,official,0.4767,30.0,205.0,0.9,4.2,17.4,9.2,0.0,0.0,0.29
Gaasperplas,52.3060961,4.9879584,official,0.5994,17.5,80.0,0.7,4.15,16.799999999999997,10.95,0.0,0.0,0.29
Gaasperplas,52.3060961,4.9879584,official,,,,5.0,7.8,6.949999999999999,3.85,2.1,1.5,0.29
Gaasperplas,52.3060961,4.9879584,official,0.6369,,,0.5,5.0,5.5,1.0,0.0,0.0,0.29
Gaasperplas,52.3060961,4.9879584,official,,35.0,250.0,1.05,3.45,16.45,6.0,0.0,0.0,0.29
Gaasperplas,52.3060961,4.9879584,official,,80.0,360.0,1.15,4.5,17.0,5.6,0.1,0.1,0.29
Gaasperplas,52.3060961,4.9879584,official,0.7351,20.0,300.0,0.5,3.55,17.85,8.149999999999999,0.0,0.0,0.29
Gaasperplas,52.3060961,4.9879584,official,,30.0,15.0,0.5,4.4,6.85,7.0,0.0,0.0,0.29
Gaasperplas,52.3060961,4.9879584,official,,,,0.5,4.2,6.3,3.3,0.0,0.0,0.29
Gaasperplas,52.3060961,4.9879584,official,0.0,,,0.5,5.15,5.25,5.2,0.0,0.0,0.29
Gaasperplas,52.3060961,4.9879584,official,0.7717,45.0,485.0,1.35,4.0,20.4,7.5,0.4,0.3,0.29
Gaasperplas,52.3060961,4.9879584,official,0.937,25.0,160.0,1.9,4.2,17.3,6.4,0.3,0.3,0.29
Gaasperplas,52.3060961,4.9879584,official,,45.0,90.0,0.5,4.5,13.6,11.7,0.0,0.0,0.29
Gaasperplas,52.3060961,4.9879584,official,,,,0.5,9.2,7.6,2.6,2.5,2.7,0.29
Gaasperplas,52.3060961,4.9879584,official,,110.0,210.0,1.7,3.8,18.1,8.4,0.0,0.0,0.29
Gaasperplas,52.3060961,4.9879584,official,0.7096,20.0,90.0,1.0,4.0,19.0,7.0,0.0,0.0,0.29
Gaasperplas,52.3060961,4.9879584,official,-0.6787,,,0.5,6.0,13.5,3.3,0.8,0.4,0.29
Gaasperplas,52.3060961,4.9879584,official,,20.0,50.0,0.5,4.45,9.05,7.15,0.35,0.05,0.29
Marineterrein,52.3728574,4.9145315,unofficial,0.9059,,,,6.0,8.8,2.2,3.65,3.9,0.43
Marineterrein,52.3728574,4.9145315,unofficial,0.9311,,,,4.8,12.4,2.4,3.4,5.0,0.43
Marineterrein,52.3728574,4.9145315,unofficial,,40.0,260.0,0.5,3.1,17.5,6.15,0.0,0.0,0.43
Marineterrein,52.3728574,4.9145315,unofficial,0.5574,,,0.5,5.0,6.7,2.9,2.0,1.3,0.43
Marineterrein,52.3728574,4.9145315,unofficial,0.6114,,,0.5,4.35,6.65,2.9,0.0,0.0,0.43
Marineterrein,52.3728574,4.9145315,unofficial,0.8718,,,0.5,6.1,6.3,1.2,2.2,2.2,0.43
Marineterrein,52.3728574,4.9145315,unofficial,,,,0.0,4.6,4.5,1.8,1.4,0.5,0.43
Marineterrein,52.3728574,4.9145315,unofficial,0.9545,,,0.5,5.65,9.4,2.3499999999999996,1.75,1.85,0.43
Marineterrein,52.3728574,4.9145315,unofficial,0.5978,70.0,375.0,0.5,4.6,9.9,8.2,0.0,0.0,0.43
Marineterrein,52.3728574,4.9145315,unofficial,0.8547,,,0.5,7.8,6.949999999999999,3.85,2.1,1.5,0.43
Marineterrein,52.3728574,4.9145315,unofficial,0.891,,,0.5,5.0,5.5,1.0,0.0,0.0,0.43
Marineterrein,52.3728574,4.9145315,unofficial,0.9247,,,,4.7,5.3,0.2,1.2,0.6,0.43
Ouderkerkerplas,52.2934374,4.9268533,official,0.84325,,,,4.8,12.4,2.4,3.4,5.0,0.07
Ouderkerkerplas,52.2934374,4.9268533,official,,130.0,310.0,25.0,3.1,17.5,6.15,0.0,0.0,0.07
Ouderkerkerplas,52.2934374,4.9268533,official,0.5994,65.0,280.0,9.0,4.3,18.2,6.0,0.2,0.1,0.07
Ouderkerkerplas,52.2934374,4.9268533,official,0.5719,45.0,105.0,3.8,5.8,18.0,6.8,0.4,0.3,0.07
Ouderkerkerplas,52.2934374,4.9268533,official,0.8122,20.0,140.0,2.55,4.5,19.950000000000003,13.2,0.0,0.0,0.07
Ouderkerkerplas,52.2934374,4.9268533,official,,15.0,97.5,0.5,4.3,13.6,8.8,0.0,0.0,0.07
Ouderkerkerplas,52.2934374,4.9268533,official,0.5994,,,0.5,5.0,6.7,2.9,2.0,1.3,0.07
Ouderkerkerplas,52.2934374,4.9268533,official,,,,0.5,6.1,6.3,1.2,2.2,2.2,0.07
Ouderkerkerplas,52.2934374,4.9268533,official,0.0,,,1.45,4.4,13.7,4.3,0.3,0.2,0.07
Ouderkerkerplas,52.2934374,4.9268533,official,0.60395,17.5,205.0,2.05,3.4,19.8,9.0,0.0,0.0,0.07
Ouderkerkerplas,52.2934374,4.9268533,official,0.8581,72.5,160.0,0.9,4.2,17.4,9.2,0.0,0.0,0.07
Ouderkerkerplas,52.2934374,4.9268533,official,,20.0,50.0,0.7,4.15,16.799999999999997,10.95,0.0,0.0,0.07
Ouderkerkerplas,52.2934374,4.9268533,official,,17.5,140.0,0.5,4.0,14.0,9.0,0.0,0.0,0.07
Ouderkerkerplas,52.2934374,4.9268533,official,0.5994,,,0.5,7.8,6.949999999999999,3.85,2.1,1.5,0.07
Ouderkerkerplas,52.2934374,4.9268533,official,0.875,,,0.5,3.3,8.1,1.45,0.9,0.4,0.07
Ouderkerkerplas,52.2934374,4.9268533,official,,,,1.0,5.4,11.9,2.7,1.3,1.5,0.07
Ouderkerkerplas,52.2934374,4.9268533,official,,55.0,170.0,1.05,3.45,16.45,6.0,0.0,0.0,0.07
Ouderkerkerplas,52.2934374,4.9268533,official,0.3383,45.0,350.0,1.0,4.5,17.0,5.6,0.1,0.1,0.07
Ouderkerkerplas,52.2934374,4.9268533,official,0.8636,55.0,80.0,1.05,3.6,17.9,5.3,0.0,0.0,0.07
Ouderkerkerplas,52.2934374,4.9268533,official,0.4404,50.0,460.0,0.5,3.55,17.85,8.149999999999999,0.0,0.0,0.07
Ouderkerkerplas,52.2934374,4.9268533,official,,32.5,415.0,0.5,4.4,11.1,5.9,1.2,1.3,0.07
Ouderkerkerplas,52.2934374,4.9268533,official,0.34,,,0.5,4.2,6.3,3.3,0.0,0.0,0.07
Ouderkerkerplas,52.2934374,4.9268533,official,,,,0.5,4.8,3.2,1.5,1.4,0.8,0.07
Ouderkerkerplas,52.2934374,4.9268533,official,0.5994,,,0.8500000000000001,5.6,11.5,2.4,1.7,2.1,0.07
Ouderkerkerplas,52.2934374,4.9268533,official,-0.1531,22.5,60.0,0.5,4.2,17.3,6.4,0.3,0.3,0.07
Ouderkerkerplas,52.2934374,4.9268533,official,,17.5,55.0,0.5,4.5,13.6,11.7,0.0,0.0,0.07
Ouderkerkerplas,52.2934374,4.9268533,official,0.0,,,0.5,6.2,6.5,0.4,1.0,0.7,0.07
Ouderkerkerplas,52.2934374,4.9268533,official,,,,0.5,4.05,6.2,1.4,0.6,0.8,0.07
Ouderkerkerplas,52.2934374,4.9268533,official,-0.0258,120.0,125.0,0.9,4.6,18.5,7.6,0.0,0.0,0.07
Ouderkerkerplas,52.2934374,4.9268533,official,,35.0,95.0,1.25,3.8,18.1,8.4,0.0,0.0,0.07
Ouderkerkerplas,52.2934374,4.9268533,official,0.926,22.5,110.0,0.5,4.25,16.950000000000003,9.4,0.05,0.05,0.07
Ouderkerkerplas,52.2934374,4.9268533,official,0.8779,17.5,15.0,0.5,4.8,10.4,10.5,0.0,0.0,0.07
Ouderkerkerplas,52.2934374,4.9268533,official,0.2787,,,0.5,6.5,8.1,3.0,1.0,0.4,0.07
Ouderkerkerplas,52.2934374,4.9268533,official,,,,0.5,5.6,6.5,0.7,1.5,0.8,0.07
Ouderkerkerplas,52.2934374,4.9268533,official,,,,0.5,4.75,6.9,1.35,0.0,0.0,0.07
Ouderkerkerplas,52.2934374,4.9268533,official,0.5719,75.0,170.0,0.5,4.0,19.0,7.0,0.0,0.0,0.07
Ouderkerkerplas,52.2934374,4.9268533,official,,22.5,85.0,0.5,3.9,17.8,10.3,0.0,0.0,0.07
Ouderkerkerplas,52.2934374,4.9268533,official,,,,,5.449999999999999,1.5,6.4,0.0,0.0,0.07
Ouderkerkerplas,52.2934374,4.9268533,official,,,,,5.8,5.3,0.3,2.8,2.8,0.07
Ouderkerkerplas,52.2934374,4.9268533,official,,85.0,220.0,4.7,4.3,18.2,6.5,1.0,1.4,0.07
Ouderkerkerplas,52.2934374,4.9268533,official,0.7351,80.0,230.0,0.8500000000000001,4.0,14.9,8.7,0.0,0.0,0.07
Ouderkerkerplas,52.2920434,4.9246177,official,0.6705,130.0,310.0,25.0,3.1,17.5,6.15,0.0,0.0,0.07
Ouderkerkerplas,52.2920434,4.9246177,official,,45.0,105.0,3.8,5.8,18.0,6.8,0.4,0.3,0.07
Ouderkerkerplas,52.2920434,4.9246177,official,0.6124,20.0,140.0,2.55,4.5,19.950000000000003,13.2,0.0,0.0,0.07
Ouderkerkerplas,52.2920434,4.9246177,official,,,,0.5,4.55,9.1,6.5,0.2,0.1,0.07
Ouderkerkerplas,52.2920434,4.9246177,official,0.49435,17.5,205.0,2.05,3.4,19.8,9.0,0.0,0.0,0.07
Ouderkerkerplas,52.2920434,4.9246177,official,0.6486,72.5,160.0,0.9,4.2,17.4,9.2,0.0,0.0,0.07
Ouderkerkerplas,52.2920434,4.9246177,official,0.2202,20.0,50.0,0.7,4.15,16.799999999999997,10.95,0.0,0.0,0.07
Ouderkerkerplas,52.2920434,4.9246177,official,0.5423,17.5,15.0,0.5,4.6,9.9,8.2,0.0,0.0,0.07
Ouderkerkerplas,52.2920434,4.9246177,official,0.7717,,,0.5,4.1,8.7,9.8,0.0,0.0,0.07
Ouderkerkerplas,52.2920434,4.9246177,official,0.46125,55.0,170.0,1.05,3.45,16.45,6.0,0.0,0.0,0.07
Ouderkerkerplas,52.2920434,4.9246177,official,0.4215,45.0,350.0,1.0,4.5,17.0,5.6,0.1,0.1,0.07
Ouderkerkerplas,52.2920434,4.9246177,official,0.7003,55.0,80.0,1.05,3.6,17.9,5.3,0.0,0.0,0.07
Ouderkerkerplas,52.2920434,4.9246177,official,,50.0,460.0,0.5,3.55,17.85,8.149999999999999,0.0,0.0,0.07
Ouderkerkerplas,52.2920434,4.9246177,official,0.3889,32.5,415.0,0.5,4.4,11.1,5.9,1.2,1.3,0.07
Ouderkerkerplas,52.2920434,4.9246177,official,,,,0.5,4.5,8.9,2.3,0.3,0.25,0.07
Ouderkerkerplas,52.2920434,4.9246177,official,0.8807,,,0.8500000000000001,5.6,11.5,2.4,1.7,2.1,0.07
Ouderkerkerplas,52.2920434,4.9246177,official,,62.5,180.0,2.6,4.55,15.35,5.95,0.0,0.0,0.07
Ouderkerkerplas,52.2920434,4.9246177,official,0.5095,40.0,260.0,4.25,4.0,20.4,7.5,0.4,0.3,0.07
Ouderkerkerplas,52.2920434,4.9246177,official,0.7376499999999999,22.5,60.0,0.5,4.2,17.3,6.4,0.3,0.3,0.07
Ouderkerkerplas,52.2920434,4.9246177,official,0.6908,17.5,100.0,0.5,4.15,17.45,7.85,0.3,0.35,0.07
Ouderkerkerplas,52.2920434,4.9246177,official,0.08695,17.5,55.0,0.5,4.5,13.6,11.7,0.0,0.0,0.07
Ouderkerkerplas,52.2920434,4.9246177,official,,,,0.5,5.8,6.8,6.7,0.0,0.0,0.07
Ouderkerkerplas,52.2920434,4.9246177,official,,,,,9.2,7.6,2.6,2.5,2.7,0.07
Ouderkerkerplas,52.2920434,4.9246177,official,0.49305,,,0.5,6.2,6.5,0.4,1.0,0.7,0.07
Ouderkerkerplas,52.2920434,4.9246177,official,,,,0.5,5.2,6.2,2.4,1.6,0.7,0.07
Ouderkerkerplas,52.2920434,4.9246177,official,,,,0.5,4.05,6.2,1.4,0.6,0.8,0.07
Ouderkerkerplas,52.2920434,4.9246177,official,0.0,,,0.5,4.7,11.8,2.4,1.6,1.5,0.07
Ouderkerkerplas,52.2920434,4.9246177,official,0.4215,110.0,170.0,1.05,4.7,15.35,5.449999999999999,0.8,0.6499999999999999,0.07
Ouderkerkerplas,52.2920434,4.9246177,official,0.0,120.0,125.0,0.9,4.6,18.5,7.6,0.0,0.0,0.07
Ouderkerkerplas,52.2920434,4.9246177,official,0.5964,35.0,95.0,1.25,3.8,18.1,8.4,0.0,0.0,0.07
Ouderkerkerplas,52.2920434,4.9246177,official,0.56045,22.5,110.0,0.5,4.25,16.950000000000003,9.4,0.05,0.05,0.07
Ouderkerkerplas,52.2920434,4.9246177,official,,17.5,40.0,0.8500000000000001,4.0,11.9,6.9,0.0,0.0,0.07
Ouderkerkerplas,52.2920434,4.9246177,official,,17.5,15.0,0.5,4.8,10.4,10.5,0.0,0.0,0.07
Ouderkerkerplas,52.2920434,4.9246177,official,0.8655,,,0.5,6.5,8.1,3.0,1.0,0.4,0.07
Ouderkerkerplas,52.2920434,4.9246177,official,,,,0.5,4.1,7.15,6.35,0.0,0.0,0.07
Ouderkerkerplas,52.2920434,4.9246177,official,0.0,,,0.5,5.1,4.6,0.7,1.3,0.7,0.07
Ouderkerkerplas,52.2920434,4.9246177,official,0.6249,,,0.5,5.6,6.5,0.7,1.5,0.8,0.07
Ouderkerkerplas,52.2920434,4.9246177,official,,,,0.5,4.75,6.9,1.35,0.0,0.0,0.07
Ouderkerkerplas,52.2920434,4.9246177,official,0.8221,,,0.5,4.2,12.7,6.8,0.0,0.0,0.07
Ouderkerkerplas,52.2920434,4.9246177,official,,150.0,810.0,0.5,4.199999999999999,15.25,6.300000000000001,0.0,0.0,0.07
Ouderkerkerplas,52.2920434,4.9246177,official,0.6249,75.0,170.0,0.5,4.0,19.0,7.0,0.0,0.0,0.07
Ouderkerkerplas,52.2920434,4.9246177,official,0.5994,35.0,80.0,1.6,3.3,20.0,11.7,0.0,0.0,0.07
Ouderkerkerplas,52.2920434,4.9246177,official,0.43095,40.0,145.0,0.5,4.25,17.0,7.25,0.0,0.0,0.07
Ouderkerkerplas,52.2920434,4.9246177,official,0.64785,22.5,85.0,0.5,3.9,17.8,10.3,0.0,0.0,0.07
Ouderkerkerplas,52.2920434,4.9246177,official,,15.0,15.0,0.5,4.5,11.05,3.9,0.3,0.1,0.07
Park Somerlust,52.3409612,4.9152788,unofficial,,,,,6.0,8.8,2.2,3.65,3.9,0.43
Park Somerlust,52.3409612,4.9152788,unofficial,0.87505,,,,4.8,12.4,2.4,3.4,5.0,0.43
Park Somerlust,52.3409612,4.9152788,unofficial,0.89075,180.0,1100.0,,3.1,17.5,6.15,0.0,0.0,0.43
Park Somerlust,52.3409612,4.9152788,unofficial,0.0,145.0,350.0,,5.8,18.0,6.8,0.4,0.3,0.43
Park Somerlust,52.3409612,4.9152788,unofficial,0.0,47.5,150.0,,4.5,19.950000000000003,13.2,0.0,0.0,0.43
Park Somerlust,52.3409612,4.9152788,unofficial,0.5632,17.5,75.0,,4.3,13.6,8.8,0.0,0.0,0.43
Park Somerlust,52.3409612,4.9152788,unofficial,0.5994,,,,4.35,6.65,2.9,0.0,0.0,0.43
Park Somerlust,52.3409612,4.9152788,unofficial,,,,,6.1,6.3,1.2,2.2,2.2,0.43
Park Somerlust,52.3409612,4.9152788,unofficial,,,,,5.65,9.4,2.3499999999999996,1.75,1.85,0.43
Park Somerlust,52.3409612,4.9152788,unofficial,,,,,4.4,13.7,4.3,0.3,0.2,0.43
Park Somerlust,52.3409612,4.9152788,unofficial,0.7184,55.0,635.0,,3.4,14.45,7.3,1.75,2.8499999999999996,0.43
Park Somerlust,52.3409612,4.9152788,unofficial,0.5994,115.0,210.0,,3.4,19.8,9.0,0.0,0.0,0.43
Park Somerlust,52.3409612,4.9152788,unofficial,0.88,40.0,235.0,,4.2,17.4,9.2,0.0,0.0,0.43
Park Somerlust,52.3409612,4.9152788,unofficial,0.7783,30.0,125.0,2.3,4.0,14.0,9.0,0.0,0.0,0.43
Park Somerlust,52.3409612,4.9152788,unofficial,0.8248,20.0,90.0,,4.6,9.9,8.2,0.0,0.0,0.43
Park Somerlust,52.3409612,4.9152788,unofficial,0.9201,,,,7.8,6.949999999999999,3.85,2.1,1.5,0.43
Park Somerlust,52.3409612,4.9152788,unofficial,,,,,3.3,8.1,1.45,0.9,0.4,0.43
Park Somerlust,52.3409612,4.9152788,unofficial,,,,,5.4,11.9,2.7,1.3,1.5,0.43
Park Somerlust,52.3409612,4.9152788,unofficial,0.0,50.0,370.0,,3.45,16.45,6.0,0.0,0.0,0.43
Park Somerlust,52.3409612,4.9152788,unofficial,0.18675,110.0,590.0,,4.5,17.0,5.6,0.1,0.1,0.43
Park Somerlust,52.3409612,4.9152788,unofficial,0.8591,60.0,260.0,,3.6,17.9,5.3,0.0,0.0,0.43
Park Somerlust,52.3409612,4.9152788,unofficial,0.3681999999999999,40.0,310.0,,3.55,17.85,8.149999999999999,0.0,0.0,0.43
Park Somerlust,52.3409612,4.9152788,unofficial,,37.5,90.0,,4.4,11.1,5.9,1.2,1.3,0.43
Park Somerlust,52.3409612,4.9152788,unofficial,,20.0,40.0,,4.4,6.85,7.0,0.0,0.0,0.43
Park Somerlust,52.3409612,4.9152788,unofficial,,,,,4.2,6.3,3.3,0.0,0.0,0.43
Park Somerlust,52.3409612,4.9152788,unofficial,0.8176,,,,5.15,5.25,5.2,0.0,0.0,0.43
Park Somerlust,52.3409612,4.9152788,unofficial,,,,,4.8,3.2,1.5,1.4,0.8,0.43
Park Somerlust,52.3409612,4.9152788,unofficial,0.5994,,,,4.7,5.5,0.9,2.0,1.3,0.43
Park Somerlust,52.3409612,4.9152788,unofficial,,,,,4.5,8.9,2.3,0.3,0.25,0.43
Park Somerlust,52.3409612,4.9152788,unofficial,0.9565,220.0,750.0,,4.55,15.35,5.95,0.0,0.0,0.43
Park Somerlust,52.3409612,4.9152788,unofficial,0.0,60.0,580.0,,4.0,20.4,7.5,0.4,0.3,0.43
Park Somerlust,52.3409612,4.9152788,unofficial,,55.0,630.0,,4.2,17.3,6.4,0.3,0.3,0.43
Nieuwemeer,52.3349228,4.8191074,official,0.0,,,,6.0,8.8,2.2,3.65,3.9,0.29
Nieuwemeer,52.3349228,4.8191074,official,0.8988,,,,4.8,12.4,2.4,3.4,5.0,0.29
Nieuwemeer,52.3349228,4.8191074,official,0.7783,,,,3.1,17.5,6.15,0.0,0.0,0.29
Nieuwemeer,52.3349228,4.8191074,official,0.6625,,,,4.3,18.2,6.0,0.2,0.1,0.29
Nieuwemeer,52.3349228,4.8191074,official,0.6529499999999999,,,,5.8,18.0,6.8,0.4,0.3,0.29
Nieuwemeer,52.3349228,4.8191074,official,0.3681999999999999,,,,4.5,19.950000000000003,13.2,0.0,0.0,0.29
Nieuwemeer,52.3349228,4.8191074,official,0.4588,,,,4.3,13.6,8.8,0.0,0.0,0.29
Nieuwemeer,52.3349228,4.8191074,official,0.6369,,,,4.55,9.1,6.5,0.2,0.1,0.29
Nieuwemeer,52.3349228,4.8191074,official,0.7351,,,,5.0,6.7,2.9,2.0,1.3,0.29
Nieuwemeer,52.3349228,4.8191074,official,0.5859,,,,4.35,6.65,2.9,0.0,0.0,0.29
Nieuwemeer,52.3349228,4.8191074,official,0.5561499999999999,,,,6.1,6.3,1.2,2.2,2.2,0.29
Nieuwemeer,52.3349228,4.8191074,official,0.6115,,,,4.6,4.5,1.8,1.4,0.5,0.29
Nieuwemeer,52.3349228,4.8191074,official,0.5859,,,,5.65,9.4,2.3499999999999996,1.75,1.85,0.29
Nieuwemeer,52.3349228,4.8191074,official,0.48285,,,,4.4,13.7,4.3,0.3,0.2,0.29
Nieuwemeer,52.3349228,4.8191074,official,0.6789499999999999,,,,3.4,14.45,7.3,1.75,2.8499999999999996,0.29
Nieuwemeer,52.3349228,4.8191074,official,0.5423,,,,3.4,19.8,9.0,0.0,0.0,0.29
Nieuwemeer,52.3349228,4.8191074,official,0.5037,,,,4.2,17.4,9.2,0.0,0.0,0.29
Nieuwemeer,52.3349228,4.8191074,official,0.5104500000000001,,,,4.15,16.799999999999997,10.95,0.0,0.0,0.29
Nieuwemeer,52.3349228,4.8191074,official,0.5563,,,,4.0,14.0,9.0,0.0,0.0,0.29
Nieuwemeer,52.3349228,4.8191074,official,0.4215,,,,4.6,9.9,8.2,0.0,0.0,0.29
Nieuwemeer,52.3349228,4.8191074,official,0.6249,,,,4.1,8.7,9.8,0.0,0.0,0.29
Nieuwemeer,52.3349228,4.8191074,official,0.4215,,,,7.8,6.949999999999999,3.85,2.1,1.5,0.29
Nieuwemeer,52.3349228,4.8191074,official,0.5719,,,,5.0,5.5,1.0,0.0,0.0,0.29
Nieuwemeer,52.3349228,4.8191074,official,0.4215,,,,4.7,5.3,0.2,1.2,0.6,0.29
Nieuwemeer,52.3349228,4.8191074,official,0.296,,,,3.3,8.1,1.45,0.9,0.4,0.29
Nieuwemeer,52.3349228,4.8191074,official,0.7964,,,,5.4,11.9,2.7,1.3,1.5,0.29
Nieuwemeer,52.3349228,4.8191074,official,0.6475,,,,3.45,16.45,6.0,0.0,0.0,0.29
Nieuwemeer,52.3349228,4.8191074,official,0.6361,,,,4.5,17.0,5.6,0.1,0.1,0.29
Nieuwemeer,52.3349228,4.8191074,official,0.5859,,,,3.6,17.9,5.3,0.0,0.0,0.29
Nieuwemeer,52.3349228,4.8191074,official,0.51315,,,,3.55,17.85,8.149999999999999,0.0,0.0,0.29
Nieuwemeer,52.3349228,4.8191074,official,0.6249,,,,4.4,11.1,5.9,1.2,1.3,0.29
Nieuwemeer,52.3349228,4.8191074,official,0.4404,,,,4.4,6.85,7.0,0.0,0.0,0.29
Nieuwemeer,52.3349228,4.8191074,official,0.4215,,,,4.2,6.3,3.3,0.0,0.0,0.29
Nieuwemeer,52.3349228,4.8191074,official,0.8676999999999999,,,,5.15,5.25,5.2,0.0,0.0,0.29
Nieuwemeer,52.3349228,4.8191074,official,0.49565,,,,4.8,3.2,1.5,1.4,0.8,0.29
Nieuwemeer,52.3349228,4.8191074,official,0.0,,,,4.7,5.5,0.9,2.0,1.3,0.29
Nieuwemeer,52.3349228,4.8191074,official,0.4754,,,,4.5,8.9,2.3,0.3,0.25,0.29
Nieuwemeer,52.3349228,4.8191074,official,0.7139,,,,5.6,11.5,2.4,1.7,2.1,0.29
Nieuwemeer,52.3349228,4.8191074,official,0.5859,,,,4.55,15.35,5.95,0.0,0.0,0.29
Nieuwemeer,52.3349228,4.8191074,official,0.4404,,,,4.0,20.4,7.5,0.4,0.3,0.29
Nieuwemeer,52.3349228,4.8191074,official,0.48465,,,,4.2,17.3,6.4,0.3,0.3,0.29
Nieuwemeer,52.3349228,4.8191074,official,0.5994,,,,4.15,17.45,7.85,0.3,0.35,0.29
Nieuwemeer,52.3349228,4.8191074,official,0.4215,,,,4.5,13.6,11.7,0.0,0.0,0.29
Nieuwemeer,52.3349228,4.8191074,official,0.9589,,,,3.9,11.8,10.75,0.0,0.0,0.29
Nieuwemeer,52.3349228,4.8191074,official,0.58565,,,,5.8,6.8,6.7,0.0,0.0,0.29
Nieuwemeer,52.3349228,4.8191074,official,0.21075,,,,9.2,7.6,2.6,2.5,2.7,0.29
Nieuwemeer,52.3349228,4.8191074,official,0.5568,,,,6.2,6.5,0.4,1.0,0.7,0.29
Nieuwemeer,52.3349228,4.8191074,official,0.5466500000000001,,,,5.2,6.2,2.4,1.6,0.7,0.29
Nieuwemeer,52.3349228,4.8191074,official,0.71095,,,,4.05,6.2,1.4,0.6,0.8,0.29
Nieuwemeer,52.3349228,4.8191074,official,0.61815,,,,4.7,11.8,2.4,1.6,1.5,0.29
Nieuwemeer,52.3349228,4.8191074,official,0.5994,,,,4.7,15.35,5.449999999999999,0.8,0.6499999999999999,0.29
Nieuwemeer,52.3349228,4.8191074,official,0.5037,,,,4.6,18.5,7.6,0.0,0.0,0.29
Nieuwemeer,52.3349228,4.8191074,official,0.5859,,,,3.8,18.1,8.4,0.0,0.0,0.29
Nieuwemeer,52.3349228,4.8191074,official,0.61215,,,,4.25,16.950000000000003,9.4,0.05,0.05,0.29
Nieuwemeer,52.3349228,4.8191074,official,0.4754,,,,4.0,11.9,6.9,0.0,0.0,0.29
Nieuwemeer,52.3349228,4.8191074,official,0.5994,,,,4.8,10.4,10.5,0.0,0.0,0.29
Nieuwemeer,52.3349228,4.8191074,official,0.4215,,,,6.5,8.1,3.0,1.0,0.4,0.29
Nieuwemeer,52.3349228,4.8191074,official,0.5994,,,,4.1,7.15,6.35,0.0,0.0,0.29
Nieuwemeer,52.3349228,4.8191074,official,0.21075,,,,5.1,4.6,0.7,1.3,0.7,0.29
Nieuwemeer,52.3349228,4.8191074,official,0.5994,,,,5.6,6.5,0.7,1.5,0.8,0.29
Nieuwemeer,52.3349228,4.8191074,official,0.61215,,,,4.75,6.9,1.35,0.0,0.0,0.29
Nieuwemeer,52.3349228,4.8191074,official,0.4574,,,,4.2,12.7,6.8,0.0,0.0,0.29
Nieuwemeer,52.3349228,4.8191074,official,0.7717,,,0.5,4.199999999999999,15.25,6.300000000000001,0.0,0.0,0.29
Nieuwemeer,52.3349228,4.8191074,official,0.56775,,,0.5,4.0,19.0,7.0,0.0,0.0,0.29
Nieuwemeer,52.3349228,4.8191074,official,0.5859,,,0.5,3.3,20.0,11.7,0.0,0.0,0.29
Nieuwemeer,52.3349228,4.8191074,official,0.5984,,,0.5,4.25,17.0,7.25,0.0,0.0,0.29
Nieuwemeer,52.3349228,4.8191074,official,0.5719,,,2.1,3.9,17.8,10.3,0.0,0.0,0.29
Nieuwemeer,52.3349228,4.8191074,official,0.6177,,,0.5,4.5,11.05,3.9,0.3,0.1,0.29
Nieuwemeer,52.3349228,4.8191074,official,0.54605,,,,4.6,5.6,4.0,1.0,0.2,0.29
Nieuwemeer,52.3349228,4.8191074,official,0.5994,,,,5.449999999999999,1.5,6.4,0.0,0.0,0.29
Nieuwemeer,52.3349228,4.8191074,official,0.3182,,,,6.5,5.2,0.9,1.7,0.8,0.29
Nieuwemeer,52.3349228,4.8191074,official,,,,,5.8,5.3,0.3,2.8,2.8,0.29
Nieuwemeer,52.3349228,4.8191074,official,0.2553,,,,4.15,7.6,1.7000000000000002,1.8,1.6,0.29
Nieuwemeer,52.3349228,4.8191074,official,0.4753,,,,6.0,13.5,3.3,0.8,0.4,0.29
Nieuwemeer,52.3349228,4.8191074,official,0.5267,,,,3.7,14.35,4.9,0.75,0.5,0.29
Nieuwemeer,52.3349228,4.8191074,official,0.4939,,,,3.5,17.4,6.6,0.3,0.2,0.29
Nieuwemeer,52.3349228,4.8191074,official,0.6305499999999999,,,,4.3,18.2,6.5,1.0,1.4,0.29
Nieuwemeer,52.3349228,4.8191074,official,0.1027,,,,4.8,17.6,7.699999999999999,0.0,0.0,0.29
Nieuwemeer,52.3349228,4.8191074,official,,,,,4.0,14.9,8.7,0.0,0.0,0.29
Nieuwemeer,52.3349228,4.8191074,official,0.6908,,,,4.45,9.05,7.15,0.35,0.05,0.29
Nieuwemeer,52.3349228,4.8191074,official,0.1779,,,,4.8,8.1,5.4,0.0,0.0,0.29
Nieuwemeer,52.3349228,4.8191074,official,,,,,5.45,4.9,0.6499999999999999,1.25,0.5,0.29
Nieuwemeer,52.3349228,4.8191074,official,0.4404,,,,3.8,1.3,2.3,0.3,0.1,0.29
Nieuwemeer,52.3349228,4.8191074,official,0.5574,,,,3.5,6.0,1.0,0.0,0.0,0.29
Nieuwemeer,52.3349228,4.8191074,official,0.4215,,,,3.8,9.9,4.3,0.0,0.0,0.29
Nieuwemeer,52.3349228,4.8191074,official,,,,,3.45,17.65,7.65,0.0,0.0,0.29
Nieuwemeer,52.3349228,4.8191074,official,0.5994,,,,4.1,17.8,9.0,0.0,0.0,0.29
Nieuwemeer,52.3349228,4.8191074,official,0.6658,,,,3.75,15.9,5.4,0.6000000000000001,0.75,0.29
Nieuwemeer,52.3349228,4.8191074,official,0.128,,,0.5,4.35,13.8,4.35,0.8,2.05,0.29
Nieuwemeer,52.3349228,4.8191074,official,0.908,,,1.4,5.1,17.9,9.0,0.5,0.6,0.29
Nieuwemeer,52.3349228,4.8191074,official,-0.5106,,,1.3,4.8,14.75,7.7,0.0,0.0,0.29
Park schinkeleilanden,52.3444785,4.840123,unofficial,,,,,6.0,8.8,2.2,3.65,3.9,0.43
Park schinkeleilanden,52.3444785,4.840123,unofficial,0.7184,90.0,620.0,,3.1,17.5,6.15,0.0,0.0,0.43
Park schinkeleilanden,52.3444785,4.840123,unofficial,,50.0,1300.0,,4.3,18.2,6.0,0.2,0.1,0.43
Park schinkeleilanden,52.3444785,4.840123,unofficial,0.3506,60.0,480.0,,5.8,18.0,6.8,0.4,0.3,0.43
Park schinkeleilanden,52.3444785,4.840123,unofficial,0.3991,15.0,200.0,,4.5,19.950000000000003,13.2,0.0,0.0,0.43
Park schinkeleilanden,52.3444785,4.840123,unofficial,0.4199,15.0,130.0,,4.3,13.6,8.8,0.0,0.0,0.43
Park schinkeleilanden,52.3444785,4.840123,unofficial,0.4511,20.0,110.0,,4.55,9.1,6.5,0.2,0.1,0.43
Park schinkeleilanden,52.3444785,4.840123,unofficial,0.92535,,,,5.65,9.4,2.3499999999999996,1.75,1.85,0.43
Park schinkeleilanden,52.3444785,4.840123,unofficial,0.7906,,,,4.4,13.7,4.3,0.3,0.2,0.43
Park schinkeleilanden,52.3444785,4.840123,unofficial,0.4588,20.0,160.0,,3.4,14.45,7.3,1.75,2.8499999999999996,0.43
Park schinkeleilanden,52.3444785,4.840123,unofficial,,20.0,250.0,,3.4,19.8,9.0,0.0,0.0,0.43
Park schinkeleilanden,52.3444785,4.840123,unofficial,0.4215,15.0,230.0,,4.2,17.4,9.2,0.0,0.0,0.43
Park schinkeleilanden,52.3444785,4.840123,unofficial,0.4215,30.0,110.0,,4.15,16.799999999999997,10.95,0.0,0.0,0.43
Park schinkeleilanden,52.3444785,4.840123,unofficial,0.9485,30.0,110.0,,4.0,14.0,9.0,0.0,0.0,0.43
Park schinkeleilanden,52.3444785,4.840123,unofficial,,90.0,410.0,,4.6,9.9,8.2,0.0,0.0,0.43
Park schinkeleilanden,52.3444785,4.840123,unofficial,0.4215,,,,7.8,6.949999999999999,3.85,2.1,1.5,0.43
Park schinkeleilanden,52.3444785,4.840123,unofficial,,,,,5.0,5.5,1.0,0.0,0.0,0.43
Park schinkeleilanden,52.3444785,4.840123,unofficial,,,,,3.3,8.1,1.45,0.9,0.4,0.43
Park schinkeleilanden,52.3444785,4.840123,unofficial,0.4588,,,,5.4,11.9,2.7,1.3,1.5,0.43
Park schinkeleilanden,52.3444785,4.840123,unofficial,0.4753,80.0,290.0,,3.45,16.45,6.0,0.0,0.0,0.43
Park schinkeleilanden,52.3444785,4.840123,unofficial,0.29295,410.0,310.0,,4.5,17.0,5.6,0.1,0.1,0.43
Park schinkeleilanden,52.3444785,4.840123,unofficial,,20.0,230.0,,3.6,17.9,5.3,0.0,0.0,0.43
Park schinkeleilanden,52.3444785,4.840123,unofficial,,15.0,140.0,,3.55,17.85,8.149999999999999,0.0,0.0,0.43
Park schinkeleilanden,52.3444785,4.840123,unofficial,0.5859,20.0,140.0,,4.4,11.1,5.9,1.2,1.3,0.43
Grote Vijver,52.3209209,4.8264294,official,0.0,,,,3.1,17.5,6.15,0.0,0.0,0.29
Grote Vijver,52.3209209,4.8264294,official,0.7799,,,,5.8,18.0,6.8,0.4,0.3,0.29
Grote Vijver,52.3209209,4.8264294,official,0.9017,,,,4.55,9.1,6.5,0.2,0.1,0.29
Grote Vijver,52.3209209,4.8264294,official,0.4404,,,,4.4,13.7,4.3,0.3,0.2,0.29
Grote Vijver,52.3209209,4.8264294,official,,,,,3.4,14.45,7.3,1.75,2.8499999999999996,0.29
Grote Vijver,52.3209209,4.8264294,official,0.875,,,,3.4,19.8,9.0,0.0,0.0,0.29
Grote Vijver,52.3209209,4.8264294,official,,,,,4.0,14.0,9.0,0.0,0.0,0.29
Grote Vijver,52.3209209,4.8264294,official,0.61025,,,,4.1,8.7,9.8,0.0,0.0,0.29
Grote Vijver,52.3209209,4.8264294,official,0.5442,,,,4.5,17.0,5.6,0.1,0.1,0.29
Grote Vijver,52.3209209,4.8264294,official,0.9022,,,,3.55,17.85,8.149999999999999,0.0,0.0,0.29
Grote Vijver,52.3209209,4.8264294,official,,,,,4.4,6.85,7.0,0.0,0.0,0.29
Grote Vijver,52.3209209,4.8264294,official,0.8481,,,,4.2,6.3,3.3,0.0,0.0,0.29
Grote Vijver,52.3209209,4.8264294,official,,,,,4.55,15.35,5.95,0.0,0.0,0.29
Grote Vijver,52.3209209,4.8264294,official,0.80925,,,,4.0,20.4,7.5,0.4,0.3,0.29
Grote Vijver,52.3209209,4.8264294,official,,,,,4.2,17.3,6.4,0.3,0.3,0.29
Grote Vijver,52.3209209,4.8264294,official,,,,,5.8,6.8,6.7,0.0,0.0,0.29
Grote Vijver,52.3209209,4.8264294,official,,,,,4.7,11.8,2.4,1.6,1.5,0.29
Grote Vijver,52.3209209,4.8264294,official,0.5574,,,,4.7,15.35,5.449999999999999,0.8,0.6499999999999999,0.29
Grote Vijver,52.3209209,4.8264294,official,0.8654999999999999,,,,4.6,18.5,7.6,0.0,0.0,0.29
Grote Vijver,52.3209209,4.8264294,official,0.58895,,,,3.8,18.1,8.4,0.0,0.0,0.29
Grote Vijver,52.3209209,4.8264294,official,0.546,,,,4.25,16.950000000000003,9.4,0.05,0.05,0.29
Grote Vijver,52.3209209,4.8264294,official,0.5106,,,,4.0,19.0,7.0,0.0,0.0,0.29
Grote Vijver,52.3209209,4.8264294,official,,,,,3.3,20.0,11.7,0.0,0.0,0.29
Grote Vijver,52.3209209,4.8264294,official,0.8645,,,,6.5,5.2,0.9,1.7,0.8,0.29
Gaasperplas,52.3092559,4.9883971,official,0.886,25.0,220.0,1.2,4.5,19.950000000000003,13.2,0.0,0.0,0.5
Gaasperplas,52.3092559,4.9883971,official,0.9798,,,5.4,5.0,6.7,2.9,2.0,1.3,0.5
Gaasperplas,52.3092559,4.9883971,official,0.5719,,,0.5,5.65,9.4,2.3499999999999996,1.75,1.85,0.5
Gaasperplas,52.3092559,4.9883971,official,,,,0.5,4.1,8.7,9.8,0.0,0.0,0.5
Gaasperplas,52.3092559,4.9883971,official,0.7418,,,0.5,3.3,8.1,1.45,0.9,0.4,0.5
Gaasperplas,52.3092559,4.9883971,official,,30.0,80.0,0.8,3.6,17.9,5.3,0.0,0.0,0.5
Gaasperplas,52.3092559,4.9883971,official,0.6705,20.0,300.0,0.5,3.55,17.85,8.149999999999999,0.0,0.0,0.5
Gaasperplas,52.3092559,4.9883971,official,,45.0,90.0,0.5,4.5,13.6,11.7,0.0,0.0,0.5
Gaasperplas,52.3092559,4.9883971,official,0.7096,30.0,350.0,0.8,4.6,18.5,7.6,0.0,0.0,0.5
Gaasperplas,52.3092559,4.9883971,official,,110.0,210.0,1.7,3.8,18.1,8.4,0.0,0.0,0.5
Gaasperplas,52.3092559,4.9883971,official,0.7717,,,0.5,4.75,6.9,1.35,0.0,0.0,0.5
Sloterplas,52.3650133,4.814011,unofficial,0.2997,,,,6.0,8.8,2.2,3.65,3.9,0.21
Sloterplas,52.3650133,4.814011,unofficial,0.7184,410.0,550.0,,4.8,12.4,2.4,3.4,5.0,0.21
Sloterplas,52.3650133,4.814011,unofficial,0.6124,220.0,290.0,3.0,3.1,17.5,6.15,0.0,0.0,0.21
Sloterplas,52.3650133,4.814011,unofficial,0.43095,255.0,800.0,3.9,4.3,18.2,6.0,0.2,0.1,0.21
Sloterplas,52.3650133,4.814011,unofficial,0.5859,60.0,130.0,5.95,5.8,18.0,6.8,0.4,0.3,0.21
Sloterplas,52.3650133,4.814011,unofficial,0.6908,130.0,230.0,0.5,4.5,19.950000000000003,13.2,0.0,0.0,0.21
Sloterplas,52.3650133,4.814011,unofficial,0.50105,30.0,60.0,0.55,4.3,13.6,8.8,0.0,0.0,0.21
Sloterplas,52.3650133,4.814011,unofficial,0.5439,15.0,40.0,0.5,4.55,9.1,6.5,0.2,0.1,0.21
Sloterplas,52.3650133,4.814011,unofficial,0.7385,,,0.5,5.0,6.7,2.9,2.0,1.3,0.21
Sloterplas,52.3650133,4.814011,unofficial,0.4967,,,0.5,4.35,6.65,2.9,0.0,0.0,0.21
Sloterplas,52.3650133,4.814011,unofficial,0.5991500000000001,,,0.5,6.1,6.3,1.2,2.2,2.2,0.21
Sloterplas,52.3650133,4.814011,unofficial,0.37985,,,,4.6,4.5,1.8,1.4,0.5,0.21
Sloterplas,52.3650133,4.814011,unofficial,0.7964,,,0.3,5.65,9.4,2.3499999999999996,1.75,1.85,0.21
Sloterplas,52.3650133,4.814011,unofficial,0.5994,,,0.5,4.4,13.7,4.3,0.3,0.2,0.21
Sloterplas,52.3650133,4.814011,unofficial,0.5784,145.0,405.0,0.9,3.4,14.45,7.3,1.75,2.8499999999999996,0.21
Sloterplas,52.3650133,4.814011,unofficial,0.6124,140.0,660.0,1.0,3.4,19.8,9.0,0.0,0.0,0.21
Sloterplas,52.3650133,4.814011,unofficial,0.5199,165.0,680.0,0.9,4.2,17.4,9.2,0.0,0.0,0.21
Sloterplas,52.3650133,4.814011,unofficial,0.4215,17.5,155.0,0.5,4.15,16.799999999999997,10.95,0.0,0.0,0.21
Sloterplas,52.3650133,4.814011,unofficial,0.45065,22.5,95.0,0.5,4.6,9.9,8.2,0.0,0.0,0.21
Sloterplas,52.3650133,4.814011,unofficial,0.5994,,,0.5,4.1,8.7,9.8,0.0,0.0,0.21
Sloterplas,52.3650133,4.814011,unofficial,0.65185,,,0.85,7.8,6.949999999999999,3.85,2.1,1.5,0.21
Sloterplas,52.3650133,4.814011,unofficial,0.2377,,,0.5,5.0,5.5,1.0,0.0,0.0,0.21
Sloterplas,52.3650133,4.814011,unofficial,0.5994,,,0.5,4.7,5.3,0.2,1.2,0.6,0.21
Sloterplas,52.3650133,4.814011,unofficial,0.6801999999999999,,,0.5,3.3,8.1,1.45,0.9,0.4,0.21
Sloterplas,52.3650133,4.814011,unofficial,0.6451,,,0.5,5.4,11.9,2.7,1.3,1.5,0.21
Sloterplas,52.3650133,4.814011,unofficial,0.6588,180.0,510.0,0.5,3.45,16.45,6.0,0.0,0.0,0.21
Sloterplas,52.3650133,4.814011,unofficial,0.7645,360.0,3400.0,0.5,4.5,17.0,5.6,0.1,0.1,0.21
Sloterplas,52.3650133,4.814011,unofficial,0.44845,50.0,230.0,0.75,3.6,17.9,5.3,0.0,0.0,0.21
Sloterplas,52.3650133,4.814011,unofficial,0.56585,22.5,150.0,0.55,3.55,17.85,8.149999999999999,0.0,0.0,0.21
Sloterplas,52.3650133,4.814011,unofficial,0.7825,80.0,370.0,0.5,4.4,11.1,5.9,1.2,1.3,0.21
Sloterplas,52.3650133,4.814011,unofficial,0.4355,15.0,25.0,0.5,4.4,6.85,7.0,0.0,0.0,0.21
Sloterplas,52.3650133,4.814011,unofficial,0.5994,,,0.5,4.2,6.3,3.3,0.0,0.0,0.21
Sloterplas,52.3650133,4.814011,unofficial,0.4404,,,0.5,5.15,5.25,5.2,0.0,0.0,0.21
Sloterplas,52.3650133,4.814011,unofficial,0.2023,,,0.5,4.8,3.2,1.5,1.4,0.8,0.21
Sloterplas,52.3650133,4.814011,unofficial,0.2997,,,0.5,4.7,5.5,0.9,2.0,1.3,0.21
Sloterplas,52.3650133,4.814011,unofficial,0.7964,,,0.5,4.5,8.9,2.3,0.3,0.25,0.21
Sloterplas,52.3650133,4.814011,unofficial,0.5994,,,0.55,5.6,11.5,2.4,1.7,2.1,0.21
Sloterplas,52.3650133,4.814011,unofficial,0.148,200.0,1225.0,1.5,4.55,15.35,5.95,0.0,0.0,0.21
Sloterplas,52.3650133,4.814011,unofficial,0.552,125.0,655.0,1.55,4.0,20.4,7.5,0.4,0.3,0.21
Sloterplas,52.3650133,4.814011,unofficial,0.6451,160.0,210.0,0.6499999999999999,4.2,17.3,6.4,0.3,0.3,0.21
Sloterplas,52.3650133,4.814011,unofficial,0.65785,30.0,130.0,0.5,4.15,17.45,7.85,0.3,0.35,0.21
Sloterplas,52.3650133,4.814011,unofficial,0.21075,30.0,270.0,0.5,4.5,13.6,11.7,0.0,0.0,0.21
Sloterplas,52.3650133,4.814011,unofficial,-0.1174,25.0,37.5,0.5,3.9,11.8,10.75,0.0,0.0,0.21
Sloterplas,52.3650133,4.814011,unofficial,0.8834,,,0.5,5.8,6.8,6.7,0.0,0.0,0.21
Sloterplas,52.3650133,4.814011,unofficial,,,,0.6,9.2,7.6,2.6,2.5,2.7,0.21
Sloterplas,52.3650133,4.814011,unofficial,0.5994,,,0.5,6.2,6.5,0.4,1.0,0.7,0.21
Sloterplas,52.3650133,4.814011,unofficial,0.7717,,,0.5,5.2,6.2,2.4,1.6,0.7,0.21
Sloterplas,52.3650133,4.814011,unofficial,0.5719,,,0.5,4.05,6.2,1.4,0.6,0.8,0.21
Sloterplas,52.3650133,4.814011,unofficial,0.5994,,,0.6,4.7,11.8,2.4,1.6,1.5,0.21
Sloterplas,52.3650133,4.814011,unofficial,0.5719,60.0,580.0,1.4,4.7,15.35,5.449999999999999,0.8,0.6499999999999999,0.21
Sloterplas,52.3650133,4.814011,unofficial,0.5175000000000001,90.0,310.0,1.7,4.6,18.5,7.6,0.0,0.0,0.21
Sloterplas,52.3650133,4.814011,unofficial,0.5994,30.0,60.0,1.6,3.8,18.1,8.4,0.0,0.0,0.21
Sloterplas,52.3650133,4.814011,unofficial,0.5994,50.0,270.0,0.5,4.25,16.950000000000003,9.4,0.05,0.05,0.21
Sloterplas,52.3650133,4.814011,unofficial,0.7003,15.0,20.0,0.5,4.0,11.9,6.9,0.0,0.0,0.21
Sloterplas,52.3650133,4.814011,unofficial,0.5994,15.0,55.0,0.5,4.8,10.4,10.5,0.0,0.0,0.21
Sloterplas,52.3650133,4.814011,unofficial,0.5859,,,0.5,6.5,8.1,3.0,1.0,0.4,0.21
Sloterplas,52.3650133,4.814011,unofficial,0.296,,,0.5,4.1,7.15,6.35,0.0,0.0,0.21
Sloterplas,52.3650133,4.814011,unofficial,0.6474500000000001,,,0.5,5.1,4.6,0.7,1.3,0.7,0.21
Sloterplas,52.3650133,4.814011,unofficial,0.5859,,,0.5,5.6,6.5,0.7,1.5,0.8,0.21
Sloterplas,52.3650133,4.814011,unofficial,0.5106,,,0.9,4.75,6.9,1.35,0.0,0.0,0.21
Sloterplas,52.3650133,4.814011,unofficial,0.514,,,4.8,4.2,12.7,6.8,0.0,0.0,0.21
Sloterplas,52.3650133,4.814011,unofficial,0.61165,90.0,390.0,18.9,4.199999999999999,15.25,6.300000000000001,0.0,0.0,0.21
Sloterplas,52.3650133,4.814011,unofficial,0.5859,330.0,3200.0,31.7,4.0,19.0,7.0,0.0,0.0,0.21
Sloterplas,52.3650133,4.814011,unofficial,0.7003,90.0,400.0,2.0,3.3,20.0,11.7,0.0,0.0,0.21
Sloterplas,52.3650133,4.814011,unofficial,0.7959,90.0,600.0,0.6,4.25,17.0,7.25,0.0,0.0,0.21
Sloterplas,52.3650133,4.814011,unofficial,0.5859,20.0,370.0,0.5,3.9,17.8,10.3,0.0,0.0,0.21
Sloterplas,52.3650133,4.814011,unofficial,0.80525,17.5,107.5,0.5,4.5,11.05,3.9,0.3,0.1,0.21
Sloterplas,52.3650133,4.814011,unofficial,0.7906,,,,4.6,5.6,4.0,1.0,0.2,0.21
Sloterplas,52.3650133,4.814011,unofficial,0.3953,15.0,200.0,8.7,3.5,17.4,6.6,0.3,0.2,0.21
Sloterplas,52.3650133,4.814011,unofficial,,290.0,330.0,8.2,4.3,18.2,6.5,1.0,1.4,0.21
Sloterplas,52.3650133,4.814011,unofficial,,37.5,185.0,0.5,4.45,9.05,7.15,0.35,0.05,0.21
Sloterplas,52.3650133,4.814011,unofficial,0.7717,,,0.5,4.8,8.1,5.4,0.0,0.0,0.21
Sloterplas,52.3650133,4.814011,unofficial,,,,,5.45,4.9,0.6499999999999999,1.25,0.5,0.21
Sloterplas,52.3650133,4.814011,unofficial,0.4767,,,,3.8,1.3,2.3,0.3,0.1,0.21
Sloterplas,52.3650133,4.814011,unofficial,,,,,3.5,6.0,1.0,0.0,0.0,0.21
Sloterplas,52.3650133,4.814011,unofficial,,,,0.7,3.8,9.9,4.3,0.0,0.0,0.21
Sloterplas,52.3650133,4.814011,unofficial,0.6705,30.0,180.0,10.2,3.45,17.65,7.65,0.0,0.0,0.21
Sloterplas,52.3720176,4.822453,unofficial,0.765,410.0,550.0,,4.8,12.4,2.4,3.4,5.0,0.14
Sloterplas,52.3720176,4.822453,unofficial,0.4229,155.0,215.0,4.1,3.1,17.5,6.15,0.0,0.0,0.14
Sloterplas,52.3720176,4.822453,unofficial,0.5994,110.0,740.0,5.25,4.3,18.2,6.0,0.2,0.1,0.14
Sloterplas,52.3720176,4.822453,unofficial,0.4404,35.0,170.0,7.9,5.8,18.0,6.8,0.4,0.3,0.14
Sloterplas,52.3720176,4.822453,unofficial,0.5859,80.0,145.0,0.5,4.5,19.950000000000003,13.2,0.0,0.0,0.14
Sloterplas,52.3720176,4.822453,unofficial,0.44845,17.5,20.0,0.5,4.3,13.6,8.8,0.0,0.0,0.14
Sloterplas,52.3720176,4.822453,unofficial,,15.0,37.5,0.5,4.55,9.1,6.5,0.2,0.1,0.14
Sloterplas,52.3720176,4.822453,unofficial,0.4019,,,0.5,5.0,6.7,2.9,2.0,1.3,0.14
Sloterplas,52.3720176,4.822453,unofficial,,,,0.3,5.65,9.4,2.3499999999999996,1.75,1.85,0.14
Sloterplas,52.3720176,4.822453,unofficial,0.4215,,,0.5,4.4,13.7,4.3,0.3,0.2,0.14
Sloterplas,52.3720176,4.822453,unofficial,0.6811499999999999,145.0,405.0,0.75,3.4,14.45,7.3,1.75,2.8499999999999996,0.14
Sloterplas,52.3720176,4.822453,unofficial,0.6249,140.0,660.0,0.75,3.4,19.8,9.0,0.0,0.0,0.14
Sloterplas,52.3720176,4.822453,unofficial,0.6571,165.0,680.0,0.9,4.2,17.4,9.2,0.0,0.0,0.14
Sloterplas,52.3720176,4.822453,unofficial,0.6378,17.5,155.0,0.5,4.15,16.799999999999997,10.95,0.0,0.0,0.14
Sloterplas,52.3720176,4.822453,unofficial,0.6133500000000001,15.0,55.0,0.5,4.0,14.0,9.0,0.0,0.0,0.14
Sloterplas,52.3720176,4.822453,unofficial,0.7177,15.0,50.0,0.5,4.6,9.9,8.2,0.0,0.0,0.14
Sloterplas,52.3720176,4.822453,unofficial,0.62635,,,0.5,4.1,8.7,9.8,0.0,0.0,0.14
Sloterplas,52.3720176,4.822453,unofficial,0.0,,,0.85,7.8,6.949999999999999,3.85,2.1,1.5,0.14
Sloterplas,52.3720176,4.822453,unofficial,-0.1901,,,0.5,4.7,5.3,0.2,1.2,0.6,0.14
Sloterplas,52.3720176,4.822453,unofficial,0.5025,245.0,675.0,0.5,3.45,16.45,6.0,0.0,0.0,0.14
Sloterplas,52.3720176,4.822453,unofficial,0.93,410.0,2900.0,0.5,4.5,17.0,5.6,0.1,0.1,0.14
Sloterplas,52.3720176,4.822453,unofficial,0.72375,90.0,915.0,0.6499999999999999,3.6,17.9,5.3,0.0,0.0,0.14
Sloterplas,52.3720176,4.822453,unofficial,0.6686000000000001,30.0,160.0,0.5,3.55,17.85,8.149999999999999,0.0,0.0,0.14
Sloterplas,52.3720176,4.822453,unofficial,0.5994,105.0,670.0,0.5,4.4,11.1,5.9,1.2,1.3,0.14
Sloterplas,52.3720176,4.822453,unofficial,0.5994,15.0,20.0,0.5,4.4,6.85,7.0,0.0,0.0,0.14
Sloterplas,52.3720176,4.822453,unofficial,,,,0.5,4.2,6.3,3.3,0.0,0.0,0.14
Sloterplas,52.3720176,4.822453,unofficial,0.5419,,,0.5,5.15,5.25,5.2,0.0,0.0,0.14
Sloterplas,52.3720176,4.822453,unofficial,0.6808,,,0.5,4.8,3.2,1.5,1.4,0.8,0.14
Sloterplas,52.3720176,4.822453,unofficial,0.9124,,,0.5,4.5,8.9,2.3,0.3,0.25,0.14
Sloterplas,52.3720176,4.822453,unofficial,,,,0.55,5.6,11.5,2.4,1.7,2.1,0.14
Sloterplas,52.3720176,4.822453,unofficial,0.4753,220.0,1800.0,1.0,4.55,15.35,5.95,0.0,0.0,0.14
Sloterplas,52.3720176,4.822453,unofficial,0.5994,220.0,1100.0,1.55,4.0,20.4,7.5,0.4,0.3,0.14
Sloterplas,52.3720176,4.822453,unofficial,0.4215,570.0,655.0,0.8,4.2,17.3,6.4,0.3,0.3,0.14
Sloterplas,52.3720176,4.822453,unofficial,0.4967,45.0,210.0,0.5,4.15,17.45,7.85,0.3,0.35,0.14
Sloterplas,52.3720176,4.822453,unofficial,0.4601499999999999,32.5,275.0,0.5,4.5,13.6,11.7,0.0,0.0,0.14
Sloterplas,52.3720176,4.822453,unofficial,,,,0.5,5.8,6.8,6.7,0.0,0.0,0.14
Sloterplas,52.3720176,4.822453,unofficial,,,,0.6,9.2,7.6,2.6,2.5,2.7,0.14
Sloterplas,52.3720176,4.822453,unofficial,0.4033,,,0.5,6.2,6.5,0.4,1.0,0.7,0.14
Sloterplas,52.3720176,4.822453,unofficial,,,,0.5,5.2,6.2,2.4,1.6,0.7,0.14
Sloterplas,52.3720176,4.822453,unofficial,,,,0.5,4.05,6.2,1.4,0.6,0.8,0.14
Sloterplas,52.3720176,4.822453,unofficial,0.1574,,,0.6,4.7,11.8,2.4,1.6,1.5,0.14
Sloterplas,52.3720176,4.822453,unofficial,0.5707,195.0,940.0,2.95,4.7,15.35,5.449999999999999,0.8,0.6499999999999999,0.14
Sloterplas,52.3720176,4.822453,unofficial,0.43095,100.0,395.0,1.2,4.6,18.5,7.6,0.0,0.0,0.14
Sloterplas,52.3720176,4.822453,unofficial,0.6124,22.5,122.5,1.35,3.8,18.1,8.4,0.0,0.0,0.14
Sloterplas,52.3720176,4.822453,unofficial,0.5423,120.0,425.0,0.5,4.25,16.950000000000003,9.4,0.05,0.05,0.14
Sloterplas,52.3720176,4.822453,unofficial,0.4939,17.5,35.0,0.6,4.0,11.9,6.9,0.0,0.0,0.14
Sloterplas,52.3720176,4.822453,unofficial,0.5994,15.0,90.0,0.5,4.8,10.4,10.5,0.0,0.0,0.14
Sloterplas,52.3720176,4.822453,unofficial,0.6808,,,0.5,6.5,8.1,3.0,1.0,0.4,0.14
Sloterplas,52.3720176,4.822453,unofficial,,,,0.5,4.1,7.15,6.35,0.0,0.0,0.14
Sloterplas,52.3720176,4.822453,unofficial,,,,0.5,5.1,4.6,0.7,1.3,0.7,0.14
Sloterplas,52.3720176,4.822453,unofficial,0.6191,,,0.5,5.6,6.5,0.7,1.5,0.8,0.14
Sloterplas,52.3720176,4.822453,unofficial,0.238,,,0.9,4.75,6.9,1.35,0.0,0.0,0.14
Sloterplas,52.3720176,4.822453,unofficial,0.5994,,,4.8,4.2,12.7,6.8,0.0,0.0,0.14
Sloterplas,52.3720176,4.822453,unofficial,0.4215,155.0,995.0,18.5,4.199999999999999,15.25,6.300000000000001,0.0,0.0,0.14
Sloterplas,52.3720176,4.822453,unofficial,0.7351,550.0,3450.0,29.2,4.0,19.0,7.0,0.0,0.0,0.14
Sloterplas,52.3720176,4.822453,unofficial,0.4404,100.0,800.0,4.15,3.3,20.0,11.7,0.0,0.0,0.14
Sloterplas,52.3720176,4.822453,unofficial,0.17875,160.0,930.0,0.6,4.25,17.0,7.25,0.0,0.0,0.14
Sloterplas,52.3720176,4.822453,unofficial,0.69555,152.5,600.0,0.5,3.9,17.8,10.3,0.0,0.0,0.14
Sloterplas,52.3720176,4.822453,unofficial,,15.0,200.0,0.5,4.5,11.05,3.9,0.3,0.1,0.14
Sloterplas,52.3720176,4.822453,unofficial,0.6476500000000001,,,,4.6,5.6,4.0,1.0,0.2,0.14
Sloterplas,52.3720176,4.822453,unofficial,,,,0.5,5.449999999999999,1.5,6.4,0.0,0.0,0.14
Sloterplas,52.3720176,4.822453,unofficial,0.2986,,,,4.15,7.6,1.7000000000000002,1.8,1.6,0.14
Sloterplas,52.3720176,4.822453,unofficial,0.9652,,,5.65,6.0,13.5,3.3,0.8,0.4,0.14
Sloterplas,52.3720176,4.822453,unofficial,,35.0,410.0,0.5,4.8,17.6,7.699999999999999,0.0,0.0,0.14
Sloterplas,52.366264,4.8166934,unofficial,0.6249,,,,6.0,8.8,2.2,3.65,3.9,0.14
Sloterplas,52.366264,4.8166934,unofficial,,410.0,550.0,,4.8,12.4,2.4,3.4,5.0,0.14
Sloterplas,52.366264,4.8166934,unofficial,,110.0,740.0,5.25,4.3,18.2,6.0,0.2,0.1,0.14
Sloterplas,52.366264,4.8166934,unofficial,0.86385,35.0,170.0,7.9,5.8,18.0,6.8,0.4,0.3,0.14
Sloterplas,52.366264,4.8166934,unofficial,,80.0,145.0,0.5,4.5,19.950000000000003,13.2,0.0,0.0,0.14
Sloterplas,52.366264,4.8166934,unofficial,0.5994,410.0,2900.0,0.5,4.5,17.0,5.6,0.1,0.1,0.14
Sloterplas,52.366264,4.8166934,unofficial,,90.0,915.0,0.6,3.6,17.9,5.3,0.0,0.0,0.14
Sloterplas,52.366264,4.8166934,unofficial,,30.0,160.0,0.5,3.55,17.85,8.149999999999999,0.0,0.0,0.14
Sloterplas,52.366264,4.8166934,unofficial,,15.0,20.0,0.5,4.4,6.85,7.0,0.0,0.0,0.14
Sloterplas,52.366264,4.8166934,unofficial,,,,0.5,4.5,8.9,2.3,0.3,0.25,0.14
Sloterplas,52.366264,4.8166934,unofficial,,,,0.55,5.6,11.5,2.4,1.7,2.1,0.14
Sloterplas,52.366264,4.8166934,unofficial,0.4986,220.0,1800.0,1.25,4.55,15.35,5.95,0.0,0.0,0.14
Sloterplas,52.366264,4.8166934,unofficial,0.5703,220.0,1100.0,1.6,4.0,20.4,7.5,0.4,0.3,0.14
Sloterplas,52.366264,4.8166934,unofficial,0.603,570.0,655.0,0.6,4.2,17.3,6.4,0.3,0.3,0.14
Sloterplas,52.366264,4.8166934,unofficial,0.5859,45.0,210.0,0.5,4.15,17.45,7.85,0.3,0.35,0.14
Sloterplas,52.366264,4.8166934,unofficial,0.5859,32.5,275.0,0.5,4.5,13.6,11.7,0.0,0.0,0.14
Sloterplas,52.366264,4.8166934,unofficial,,,,0.5,6.2,6.5,0.4,1.0,0.7,0.14
Sloterplas,52.366264,4.8166934,unofficial,,,,0.5,5.2,6.2,2.4,1.6,0.7,0.14
Sloterplas,52.366264,4.8166934,unofficial,,,,0.5,4.05,6.2,1.4,0.6,0.8,0.14
Sloterplas,52.366264,4.8166934,unofficial,0.9052,195.0,940.0,2.95,4.7,15.35,5.449999999999999,0.8,0.6499999999999999,0.14
Sloterplas,52.366264,4.8166934,unofficial,0.0,100.0,395.0,1.2,4.6,18.5,7.6,0.0,0.0,0.14
Sloterplas,52.366264,4.8166934,unofficial,0.69085,22.5,122.5,1.35,3.8,18.1,8.4,0.0,0.0,0.14
Sloterplas,52.366264,4.8166934,unofficial,0.9136,120.0,425.0,0.5,4.25,16.950000000000003,9.4,0.05,0.05,0.14
Sloterplas,52.366264,4.8166934,unofficial,0.6547,17.5,35.0,0.6,4.0,11.9,6.9,0.0,0.0,0.14
Sloterplas,52.366264,4.8166934,unofficial,,15.0,90.0,0.5,4.8,10.4,10.5,0.0,0.0,0.14
Sloterplas,52.366264,4.8166934,unofficial,0.5877,,,0.5,6.5,8.1,3.0,1.0,0.4,0.14
Sloterplas,52.366264,4.8166934,unofficial,0.4215,,,0.5,5.1,4.6,0.7,1.3,0.7,0.14
Sloterplas,52.366264,4.8166934,unofficial,0.6588,,,4.8,4.2,12.7,6.8,0.0,0.0,0.14
Sloterplas,52.366264,4.8166934,unofficial,0.3506,550.0,3450.0,29.2,4.0,19.0,7.0,0.0,0.0,0.14
Sloterplas,52.366264,4.8166934,unofficial,0.2942,100.0,800.0,4.15,3.3,20.0,11.7,0.0,0.0,0.14
Sloterplas,52.366264,4.8166934,unofficial,0.7674000000000001,160.0,930.0,0.6,4.25,17.0,7.25,0.0,0.0,0.14
Sloterplas,52.366264,4.8166934,unofficial,0.79115,152.5,600.0,0.5,3.9,17.8,10.3,0.0,0.0,0.14
Sloterplas,52.366264,4.8166934,unofficial,,15.0,200.0,0.5,4.5,11.05,3.9,0.3,0.1,0.14
Sloterplas,52.366264,4.8166934,unofficial,,35.0,410.0,0.5,4.8,17.6,7.699999999999999,0.0,0.0,0.14
Park Somerlust,52.34103,4.9158689,unofficial,0.0,30.0,80.0,0.5,4.15,16.799999999999997,10.95,0.0,0.0,0.43
Park Somerlust,52.34103,4.9158689,unofficial,,30.0,125.0,2.3,4.0,14.0,9.0,0.0,0.0,0.43
Park Somerlust,52.34103,4.9158689,unofficial,0.5719,,,,4.1,8.7,9.8,0.0,0.0,0.43
Park Somerlust,52.34103,4.9158689,unofficial,,,,,3.3,8.1,1.45,0.9,0.4,0.43
Park Somerlust,52.34103,4.9158689,unofficial,0.0,110.0,590.0,,4.5,17.0,5.6,0.1,0.1,0.43
Park Somerlust,52.34103,4.9158689,unofficial,0.71655,60.0,260.0,,3.6,17.9,5.3,0.0,0.0,0.43
Park Somerlust,52.34103,4.9158689,unofficial,,40.0,310.0,,3.55,17.85,8.149999999999999,0.0,0.0,0.43
Park Somerlust,52.34103,4.9158689,unofficial,0.743,37.5,90.0,,4.4,11.1,5.9,1.2,1.3,0.43
Park Somerlust,52.34103,4.9158689,unofficial,0.5994,20.0,40.0,,4.4,6.85,7.0,0.0,0.0,0.43
Park Somerlust,52.34103,4.9158689,unofficial,,,,,4.2,6.3,3.3,0.0,0.0,0.43
Park Somerlust,52.34103,4.9158689,unofficial,0.8016,,,,5.15,5.25,5.2,0.0,0.0,0.43
Park Somerlust,52.34103,4.9158689,unofficial,,,,,4.5,8.9,2.3,0.3,0.25,0.43
Park Somerlust,52.34103,4.9158689,unofficial,,,,,5.6,11.5,2.4,1.7,2.1,0.43
Park Somerlust,52.34103,4.9158689,unofficial,0.8122,220.0,750.0,,4.55,15.35,5.95,0.0,0.0,0.43
Park Somerlust,52.34103,4.9158689,unofficial,0.8655999999999999,60.0,580.0,,4.0,20.4,7.5,0.4,0.3,0.43
Park Somerlust,52.34103,4.9158689,unofficial,0.36345,55.0,630.0,,4.2,17.3,6.4,0.3,0.3,0.43
Park Somerlust,52.34103,4.9158689,unofficial,0.7717,30.0,155.0,,4.15,17.45,7.85,0.3,0.35,0.43
Park Somerlust,52.34103,4.9158689,unofficial,,105.0,330.0,,4.5,13.6,11.7,0.0,0.0,0.43
Park Somerlust,52.34103,4.9158689,unofficial,,,,,9.2,7.6,2.6,2.5,2.7,0.43
Park Somerlust,52.34103,4.9158689,unofficial,,,,,5.2,6.2,2.4,1.6,0.7,0.43
Park Somerlust,52.34103,4.9158689,unofficial,,,,,4.05,6.2,1.4,0.6,0.8,0.43
Park Somerlust,52.34103,4.9158689,unofficial,,,,,4.7,11.8,2.4,1.6,1.5,0.43
Park Somerlust,52.34103,4.9158689,unofficial,,215.0,260.0,,4.7,15.35,5.449999999999999,0.8,0.6499999999999999,0.43
Park Somerlust,52.34103,4.9158689,unofficial,0.636,250.0,570.0,,4.6,18.5,7.6,0.0,0.0,0.43
Park Somerlust,52.34103,4.9158689,unofficial,,140.0,595.0,,3.8,18.1,8.4,0.0,0.0,0.43
Park Somerlust,52.34103,4.9158689,unofficial,0.7906,70.0,415.0,,4.25,16.950000000000003,9.4,0.05,0.05,0.43
Park Somerlust,52.34103,4.9158689,unofficial,,35.0,105.0,,4.0,11.9,6.9,0.0,0.0,0.43
Park Somerlust,52.34103,4.9158689,unofficial,,20.0,110.0,,4.8,10.4,10.5,0.0,0.0,0.43
Park Somerlust,52.34103,4.9158689,unofficial,,,,,5.1,4.6,0.7,1.3,0.7,0.43
Park Somerlust,52.34103,4.9158689,unofficial,0.9098,185.0,965.0,0.5,4.199999999999999,15.25,6.300000000000001,0.0,0.0,0.43
Park Somerlust,52.34103,4.9158689,unofficial,,40.0,290.0,1.9,4.0,19.0,7.0,0.0,0.0,0.43
Park Somerlust,52.34103,4.9158689,unofficial,0.21075,15.0,120.0,3.8,3.3,20.0,11.7,0.0,0.0,0.43
Park Somerlust,52.34103,4.9158689,unofficial,-0.1027,17.5,180.0,,4.25,17.0,7.25,0.0,0.0,0.43
Park Somerlust,52.34103,4.9158689,unofficial,,32.5,120.0,,3.9,17.8,10.3,0.0,0.0,0.43
Park Somerlust,52.34103,4.9158689,unofficial,,,,,4.6,5.6,4.0,1.0,0.2,0.43
Park Somerlust,52.34103,4.9158689,unofficial,0.7845,,,,6.5,5.2,0.9,1.7,0.8,0.43
Park Somerlust,52.34103,4.9158689,unofficial,,,,,6.0,13.5,3.3,0.8,0.4,0.43
Park Somerlust,52.34103,4.9158689,unofficial,0.91,65.0,195.0,,4.3,18.2,6.5,1.0,1.4,0.43
Park Somerlust,52.34103,4.9158689,unofficial,0.7351,20.0,255.0,0.5,3.75,15.9,5.4,0.6000000000000001,0.75,0.43
Strand Blijburg,52.3552096,5.0095073,official,,,,,4.8,12.4,2.4,3.4,5.0,0.36
Strand Blijburg,52.3552096,5.0095073,official,0.0,,,,3.1,17.5,6.15,0.0,0.0,0.36
Strand Blijburg,52.3552096,5.0095073,official,0.5859,,,,4.3,18.2,6.0,0.2,0.1,0.36
Strand Blijburg,52.3552096,5.0095073,official,0.431,,,,5.8,18.0,6.8,0.4,0.3,0.36
Strand Blijburg,52.3552096,5.0095073,official,0.125,,,,4.5,19.950000000000003,13.2,0.0,0.0,0.36
Strand Blijburg,52.3552096,5.0095073,official,0.4754,,,,4.3,13.6,8.8,0.0,0.0,0.36
Strand Blijburg,52.3552096,5.0095073,official,,,,,4.55,9.1,6.5,0.2,0.1,0.36
Strand Blijburg,52.3552096,5.0095073,official,,,,,5.0,6.7,2.9,2.0,1.3,0.36
Strand Blijburg,52.3552096,5.0095073,official,,,,,4.35,6.65,2.9,0.0,0.0,0.36
Strand Blijburg,52.3552096,5.0095073,official,0.0,,,,6.1,6.3,1.2,2.2,2.2,0.36
Strand Blijburg,52.3552096,5.0095073,official,0.0,,,,5.65,9.4,2.3499999999999996,1.75,1.85,0.36
Strand Blijburg,52.3552096,5.0095073,official,0.72165,,,,4.4,13.7,4.3,0.3,0.2,0.36
Strand Blijburg,52.3552096,5.0095073,official,0.6117,,,,3.4,14.45,7.3,1.75,2.8499999999999996,0.36
Strand Blijburg,52.3552096,5.0095073,official,0.5789,,,,3.4,19.8,9.0,0.0,0.0,0.36
Strand Blijburg,52.3552096,5.0095073,official,0.5994,,,,4.2,17.4,9.2,0.0,0.0,0.36
Strand Blijburg,52.3552096,5.0095073,official,0.1911999999999999,,,,4.15,16.799999999999997,10.95,0.0,0.0,0.36
Strand Blijburg,52.3552096,5.0095073,official,0.62165,,,,4.0,14.0,9.0,0.0,0.0,0.36
Strand Blijburg,52.3552096,5.0095073,official,0.3506,,,,4.6,9.9,8.2,0.0,0.0,0.36
Strand Blijburg,52.3552096,5.0095073,official,0.4756,,,,4.1,8.7,9.8,0.0,0.0,0.36
Strand Blijburg,52.3552096,5.0095073,official,,,,,7.8,6.949999999999999,3.85,2.1,1.5,0.36
Strand Blijburg,52.3552096,5.0095073,official,0.58185,,,,5.0,5.5,1.0,0.0,0.0,0.36
Strand Blijburg,52.3552096,5.0095073,official,0.4404,,,,4.7,5.3,0.2,1.2,0.6,0.36
Strand Blijburg,52.3552096,5.0095073,official,0.2732,,,,3.3,8.1,1.45,0.9,0.4,0.36
Strand Blijburg,52.3552096,5.0095073,official,0.0,,,,3.45,16.45,6.0,0.0,0.0,0.36
Strand Blijburg,52.3552096,5.0095073,official,0.56135,,,,4.5,17.0,5.6,0.1,0.1,0.36
Strand Blijburg,52.3552096,5.0095073,official,0.5244,,,,3.6,17.9,5.3,0.0,0.0,0.36
Strand Blijburg,52.3552096,5.0095073,official,0.5859,,,,3.55,17.85,8.149999999999999,0.0,0.0,0.36
Strand Blijburg,52.3552096,5.0095073,official,0.6712,,,,4.4,11.1,5.9,1.2,1.3,0.36
Strand Blijburg,52.3552096,5.0095073,official,0.5994,,,,4.4,6.85,7.0,0.0,0.0,0.36
Strand Blijburg,52.3552096,5.0095073,official,0.7248,,,,4.2,6.3,3.3,0.0,0.0,0.36
Strand Blijburg,52.3552096,5.0095073,official,,,,,4.8,3.2,1.5,1.4,0.8,0.36
Strand Blijburg,52.3552096,5.0095073,official,0.9106,,,,4.7,5.5,0.9,2.0,1.3,0.36
Strand Blijburg,52.3552096,5.0095073,official,0.3182,,,,5.6,11.5,2.4,1.7,2.1,0.36
Strand Blijburg,52.3552096,5.0095073,official,0.6369,,,,4.55,15.35,5.95,0.0,0.0,0.36
Strand Blijburg,52.3552096,5.0095073,official,0.64475,,,,4.0,20.4,7.5,0.4,0.3,0.36
Strand Blijburg,52.3552096,5.0095073,official,0.4215,,,,4.2,17.3,6.4,0.3,0.3,0.36
Strand Blijburg,52.3552096,5.0095073,official,0.3982,,,,4.15,17.45,7.85,0.3,0.35,0.36
Strand Blijburg,52.3552096,5.0095073,official,,,,,4.5,13.6,11.7,0.0,0.0,0.36
Strand Blijburg,52.3552096,5.0095073,official,-0.8038,,,,5.8,6.8,6.7,0.0,0.0,0.36
Strand Blijburg,52.3552096,5.0095073,official,0.31245,,,,9.2,7.6,2.6,2.5,2.7,0.36
Strand Blijburg,52.3552096,5.0095073,official,0.6249,,,,6.2,6.5,0.4,1.0,0.7,0.36
Strand Blijburg,52.3552096,5.0095073,official,-0.0516,,,,5.2,6.2,2.4,1.6,0.7,0.36
Strand Blijburg,52.3552096,5.0095073,official,0.6972,,,,4.05,6.2,1.4,0.6,0.8,0.36
Strand Blijburg,52.3552096,5.0095073,official,0.36895,,,,4.7,11.8,2.4,1.6,1.5,0.36
Strand Blijburg,52.3552096,5.0095073,official,0.8899,,,,4.7,15.35,5.449999999999999,0.8,0.6499999999999999,0.36
Strand Blijburg,52.3552096,5.0095073,official,0.8016,,,,4.6,18.5,7.6,0.0,0.0,0.36
Strand Blijburg,52.3552096,5.0095073,official,0.4576,,,,3.8,18.1,8.4,0.0,0.0,0.36
Strand Blijburg,52.3552096,5.0095073,official,0.4215,,,,4.25,16.950000000000003,9.4,0.05,0.05,0.36
Strand Blijburg,52.3552096,5.0095073,official,,,,,4.8,10.4,10.5,0.0,0.0,0.36
Strand Blijburg,52.3552096,5.0095073,official,0.0,,,,6.5,8.1,3.0,1.0,0.4,0.36
Strand Blijburg,52.3552096,5.0095073,official,0.1989,,,,4.1,7.15,6.35,0.0,0.0,0.36
Strand Blijburg,52.3552096,5.0095073,official,0.5859,,,,5.1,4.6,0.7,1.3,0.7,0.36
Strand Blijburg,52.3552096,5.0095073,official,0.1289999999999999,,,,5.6,6.5,0.7,1.5,0.8,0.36
Strand Blijburg,52.3552096,5.0095073,official,0.7105,,,,4.75,6.9,1.35,0.0,0.0,0.36
Strand Blijburg,52.3552096,5.0095073,official,0.0,,,,4.2,12.7,6.8,0.0,0.0,0.36
Strand Blijburg,52.3552096,5.0095073,official,,,,,4.199999999999999,15.25,6.300000000000001,0.0,0.0,0.36
Strand Blijburg,52.3552096,5.0095073,official,0.69,,,,4.0,19.0,7.0,0.0,0.0,0.36
Strand Blijburg,52.3552096,5.0095073,official,0.2625,,,,3.3,20.0,11.7,0.0,0.0,0.36
Strand Blijburg,52.3552096,5.0095073,official,0.7116,,,,4.25,17.0,7.25,0.0,0.0,0.36
Strand Blijburg,52.3552096,5.0095073,official,0.78975,,,,3.9,17.8,10.3,0.0,0.0,0.36
Strand Blijburg,52.3552096,5.0095073,official,0.2023,,,,4.5,11.05,3.9,0.3,0.1,0.36
Strand Blijburg,52.3552096,5.0095073,official,0.7574,,,,4.6,5.6,4.0,1.0,0.2,0.36
Strand Blijburg,52.3552096,5.0095073,official,0.5719,,,,5.449999999999999,1.5,6.4,0.0,0.0,0.36
Strand Blijburg,52.3552096,5.0095073,official,0.4404,,,,6.5,5.2,0.9,1.7,0.8,0.36
Strand Blijburg,52.3552096,5.0095073,official,0.5292,,,,5.8,5.3,0.3,2.8,2.8,0.36
Strand Blijburg,52.3552096,5.0095073,official,0.2144,,,,4.15,7.6,1.7000000000000002,1.8,1.6,0.36
Strand Blijburg,52.3552096,5.0095073,official,,,,,6.0,13.5,3.3,0.8,0.4,0.36
Strand Blijburg,52.3552096,5.0095073,official,0.546,,,,3.7,14.35,4.9,0.75,0.5,0.36
Strand Blijburg,52.3552096,5.0095073,official,,,,,3.5,17.4,6.6,0.3,0.2,0.36
Strand Blijburg,52.3552096,5.0095073,official,0.27065,,,,4.3,18.2,6.5,1.0,1.4,0.36
Strand Blijburg,52.3552096,5.0095073,official,,,,,4.8,17.6,7.699999999999999,0.0,0.0,0.36
Strand Blijburg,52.3552096,5.0095073,official,0.6369,,,,4.0,14.9,8.7,0.0,0.0,0.36
Strand Blijburg,52.3552096,5.0095073,official,,,,,5.45,4.9,0.6499999999999999,1.25,0.5,0.36
Strand Blijburg,52.3552096,5.0095073,official,0.4215,,,,3.8,1.3,2.3,0.3,0.1,0.36
Strand Blijburg,52.3552096,5.0095073,official,0.4215,,,,3.5,6.0,1.0,0.0,0.0,0.36
Strand Blijburg,52.3552096,5.0095073,official,,,,,3.45,17.65,7.65,0.0,0.0,0.36
Strand Diemerpark,52.3542368,4.9866536,official,0.4404,,,,3.1,17.5,6.15,0.0,0.0,0.43
Strand Diemerpark,52.3542368,4.9866536,official,0.7506,,,,4.6,4.5,1.8,1.4,0.5,0.43
Strand Diemerpark,52.3542368,4.9866536,official,0.0,,,,4.2,17.4,9.2,0.0,0.0,0.43
Strand Diemerpark,52.3542368,4.9866536,official,,,,,4.6,9.9,8.2,0.0,0.0,0.43
Strand Diemerpark,52.3542368,4.9866536,official,,,,,7.8,6.949999999999999,3.85,2.1,1.5,0.43
Strand Diemerpark,52.3542368,4.9866536,official,0.6369,,,,3.6,17.9,5.3,0.0,0.0,0.43
Strand Diemerpark,52.3542368,4.9866536,official,,,,,3.55,17.85,8.149999999999999,0.0,0.0,0.43
Strand Diemerpark,52.3542368,4.9866536,official,0.7845,,,,4.5,8.9,2.3,0.3,0.25,0.43
Strand Diemerpark,52.3542368,4.9866536,official,,,,,4.55,15.35,5.95,0.0,0.0,0.43
Strand Diemerpark,52.3542368,4.9866536,official,0.4215,,,,4.0,20.4,7.5,0.4,0.3,0.43
Strand Diemerpark,52.3542368,4.9866536,official,-0.7783,,,,4.2,17.3,6.4,0.3,0.3,0.43
Strand Diemerpark,52.3542368,4.9866536,official,0.3348,,,,4.15,17.45,7.85,0.3,0.35,0.43
Strand Diemerpark,52.3542368,4.9866536,official,0.5719,,,,4.5,13.6,11.7,0.0,0.0,0.43
Strand Diemerpark,52.3542368,4.9866536,official,,,,1.2,4.7,11.8,2.4,1.6,1.5,0.43
Strand Diemerpark,52.3542368,4.9866536,official,,,,0.7,4.7,15.35,5.449999999999999,0.8,0.6499999999999999,0.43
Strand Diemerpark,52.3542368,4.9866536,official,0.588,,,5.2,4.6,18.5,7.6,0.0,0.0,0.43
Strand Diemerpark,52.3542368,4.9866536,official,0.1742,,,3.9,3.8,18.1,8.4,0.0,0.0,0.43
Strand Diemerpark,52.3542368,4.9866536,official,0.39335,,,1.4,4.25,16.950000000000003,9.4,0.05,0.05,0.43
Strand Diemerpark,52.3542368,4.9866536,official,,,,1.2,4.8,10.4,10.5,0.0,0.0,0.43
Strand Diemerpark,52.3542368,4.9866536,official,0.1779,,,0.9,6.5,8.1,3.0,1.0,0.4,0.43
Strand Diemerpark,52.3542368,4.9866536,official,,,,4.4,5.1,4.6,0.7,1.3,0.7,0.43
Strand Diemerpark,52.3542368,4.9866536,official,,,,0.6,4.2,12.7,6.8,0.0,0.0,0.43
Strand Diemerpark,52.3542368,4.9866536,official,-0.2732,,,0.5,4.199999999999999,15.25,6.300000000000001,0.0,0.0,0.43
Strand Diemerpark,52.3542368,4.9866536,official,0.765,,,47.3,3.3,20.0,11.7,0.0,0.0,0.43
Strand Diemerpark,52.3542368,4.9866536,official,0.7178,,,6.3,4.25,17.0,7.25,0.0,0.0,0.43
Strand Diemerpark,52.3542368,4.9866536,official,,,,1.1,3.9,17.8,10.3,0.0,0.0,0.43
Strand Diemerpark,52.3542368,4.9866536,official,,,,2.1,4.5,11.05,3.9,0.3,0.1,0.43
Strand Diemerpark,52.3542368,4.9866536,official,,,,12.1,3.5,17.4,6.6,0.3,0.2,0.43
Nieuwemeer,52.3323645,4.8460792,official,0.6108,,,,3.1,17.5,6.15,0.0,0.0,0.21
Nieuwemeer,52.3323645,4.8460792,official,0.0,,,,5.8,18.0,6.8,0.4,0.3,0.21
Nieuwemeer,52.3323645,4.8460792,official,0.5219,,,,4.5,19.950000000000003,13.2,0.0,0.0,0.21
Nieuwemeer,52.3323645,4.8460792,official,0.4753,,,,4.3,13.6,8.8,0.0,0.0,0.21
Nieuwemeer,52.3323645,4.8460792,official,0.5719,,,,4.55,9.1,6.5,0.2,0.1,0.21
Nieuwemeer,52.3323645,4.8460792,official,0.8155,,,,4.35,6.65,2.9,0.0,0.0,0.21
Nieuwemeer,52.3323645,4.8460792,official,0.5423,,,,4.4,13.7,4.3,0.3,0.2,0.21
Nieuwemeer,52.3323645,4.8460792,official,,,,,3.4,14.45,7.3,1.75,2.8499999999999996,0.21
Nieuwemeer,52.3323645,4.8460792,official,,,,,3.4,19.8,9.0,0.0,0.0,0.21
Nieuwemeer,52.3323645,4.8460792,official,,,,,4.2,17.4,9.2,0.0,0.0,0.21
Nieuwemeer,52.3323645,4.8460792,official,0.6249,,,,3.3,8.1,1.45,0.9,0.4,0.21
Nieuwemeer,52.3323645,4.8460792,official,,,,,3.6,17.9,5.3,0.0,0.0,0.21
Nieuwemeer,52.3323645,4.8460792,official,0.8481,,,,4.0,20.4,7.5,0.4,0.3,0.21
Gaasperplas,52.3092559,4.9883971,official,-0.8149,25.0,265.0,1.35,4.3,18.2,6.0,0.2,0.1,0.5
Gaasperplas,52.3092559,4.9883971,official,0.6804,25.0,220.0,1.2,4.5,19.950000000000003,13.2,0.0,0.0,0.5
Gaasperplas,52.3092559,4.9883971,official,,,,0.5,5.65,9.4,2.3499999999999996,1.75,1.85,0.5
Gaasperplas,52.3092559,4.9883971,official,0.0,40.0,160.0,0.9,3.4,14.45,7.3,1.75,2.8499999999999996,0.5
Gaasperplas,52.3092559,4.9883971,official,,80.0,360.0,1.15,4.5,17.0,5.6,0.1,0.1,0.5
Gaasperplas,52.3092559,4.9883971,official,0.8442,20.0,300.0,0.5,3.55,17.85,8.149999999999999,0.0,0.0,0.5
Gaasperplas,52.3092559,4.9883971,official,,32.5,310.0,1.6,4.55,15.35,5.95,0.0,0.0,0.5
Gaasperplas,52.3092559,4.9883971,official,0.5106,45.0,485.0,1.35,4.0,20.4,7.5,0.4,0.3,0.5
Gaasperplas,52.3092559,4.9883971,official,,45.0,90.0,0.5,4.5,13.6,11.7,0.0,0.0,0.5
Gaasperplas,52.3092559,4.9883971,official,,17.5,110.0,0.6499999999999999,3.9,11.8,10.75,0.0,0.0,0.5
Gaasperplas,52.3092559,4.9883971,official,,20.0,70.0,0.8,4.0,11.9,6.9,0.0,0.0,0.5
Nieuwe Diep,52.3604931,4.9530092,unofficial,0.2716,,,,6.0,8.8,2.2,3.65,3.9,0.43
Nieuwe Diep,52.3604931,4.9530092,unofficial,0.6908,,,,4.8,12.4,2.4,3.4,5.0,0.43
Nieuwe Diep,52.3604931,4.9530092,unofficial,0.9492,30.0,420.0,1.3,3.1,17.5,6.15,0.0,0.0,0.43
Nieuwe Diep,52.3604931,4.9530092,unofficial,0.8482,50.0,200.0,0.7,4.3,18.2,6.0,0.2,0.1,0.43
Nieuwe Diep,52.3604931,4.9530092,unofficial,0.8625,15.0,60.0,1.6,5.8,18.0,6.8,0.4,0.3,0.43
Nieuwe Diep,52.3604931,4.9530092,unofficial,0.60075,15.0,15.0,2.9,4.5,19.950000000000003,13.2,0.0,0.0,0.43
Nieuwe Diep,52.3604931,4.9530092,unofficial,0.5574,15.0,80.0,2.0,4.3,13.6,8.8,0.0,0.0,0.43
Nieuwe Diep,52.3604931,4.9530092,unofficial,0.8303,60.0,60.0,0.5,4.55,9.1,6.5,0.2,0.1,0.43
Nieuwe Diep,52.3604931,4.9530092,unofficial,0.1027,,,,5.0,6.7,2.9,2.0,1.3,0.43
Nieuwe Diep,52.3604931,4.9530092,unofficial,-0.3412,,,,4.35,6.65,2.9,0.0,0.0,0.43
Nieuwe Diep,52.3604931,4.9530092,unofficial,0.8878999999999999,,,,6.1,6.3,1.2,2.2,2.2,0.43
Nieuwe Diep,52.3604931,4.9530092,unofficial,,,,,4.6,4.5,1.8,1.4,0.5,0.43
Nieuwe Diep,52.3604931,4.9530092,unofficial,0.7574,,,,5.65,9.4,2.3499999999999996,1.75,1.85,0.43
Nieuwe Diep,52.3604931,4.9530092,unofficial,0.8658,,,,4.4,13.7,4.3,0.3,0.2,0.43
Nieuwe Diep,52.3604931,4.9530092,unofficial,0.83365,20.0,30.0,0.5,3.4,14.45,7.3,1.75,2.8499999999999996,0.43
Nieuwe Diep,52.3604931,4.9530092,unofficial,0.9578,20.0,60.0,1.8,3.4,19.8,9.0,0.0,0.0,0.43
Nieuwe Diep,52.3604931,4.9530092,unofficial,0.8074,15.0,20.0,1.3,4.2,17.4,9.2,0.0,0.0,0.43
Nieuwe Diep,52.3604931,4.9530092,unofficial,0.4404,30.0,30.0,1.4,4.15,16.799999999999997,10.95,0.0,0.0,0.43
Nieuwe Diep,52.3604931,4.9530092,unofficial,0.74325,20.0,50.0,11.2,4.0,14.0,9.0,0.0,0.0,0.43
Nieuwe Diep,52.3604931,4.9530092,unofficial,0.7574,20.0,80.0,10.8,4.6,9.9,8.2,0.0,0.0,0.43
Nieuwe Diep,52.3604931,4.9530092,unofficial,0.5244,,,,4.1,8.7,9.8,0.0,0.0,0.43
Nieuwe Diep,52.3604931,4.9530092,unofficial,0.65175,,,,7.8,6.949999999999999,3.85,2.1,1.5,0.43
Nieuwe Diep,52.3604931,4.9530092,unofficial,0.5994,,,,5.0,5.5,1.0,0.0,0.0,0.43
Nieuwe Diep,52.3604931,4.9530092,unofficial,0.5994,,,,4.7,5.3,0.2,1.2,0.6,0.43
Nieuwe Diep,52.3604931,4.9530092,unofficial,,,,,3.3,8.1,1.45,0.9,0.4,0.43
Nieuwe Diep,52.3604931,4.9530092,unofficial,0.5831,,,,5.4,11.9,2.7,1.3,1.5,0.43
Nieuwe Diep,52.3604931,4.9530092,unofficial,0.5719,,,,3.45,16.45,6.0,0.0,0.0,0.43
Nieuwe Diep,52.3604931,4.9530092,unofficial,0.7791,,,,4.5,17.0,5.6,0.1,0.1,0.43
Nieuwe Diep,52.3604931,4.9530092,unofficial,0.8631500000000001,,,,3.6,17.9,5.3,0.0,0.0,0.43
Nieuwe Diep,52.3604931,4.9530092,unofficial,0.7003,,,,3.55,17.85,8.149999999999999,0.0,0.0,0.43
Nieuwe Diep,52.3604931,4.9530092,unofficial,0.5719,,,,4.4,11.1,5.9,1.2,1.3,0.43
Nieuwe Diep,52.3604931,4.9530092,unofficial,0.636,,,,4.4,6.85,7.0,0.0,0.0,0.43
Nieuwe Diep,52.3604931,4.9530092,unofficial,0.83355,,,,4.2,6.3,3.3,0.0,0.0,0.43
Nieuwe Diep,52.3604931,4.9530092,unofficial,0.8230500000000001,,,,5.15,5.25,5.2,0.0,0.0,0.43
Nieuwe Diep,52.3604931,4.9530092,unofficial,0.7269,,,,4.8,3.2,1.5,1.4,0.8,0.43
Nieuwe Diep,52.3604931,4.9530092,unofficial,0.3057,,,,4.7,5.5,0.9,2.0,1.3,0.43
Nieuwe Diep,52.3604931,4.9530092,unofficial,0.4491,,,,4.5,8.9,2.3,0.3,0.25,0.43
Nieuwe Diep,52.3604931,4.9530092,unofficial,0.15195,,,,5.6,11.5,2.4,1.7,2.1,0.43
Nieuwe Diep,52.3604931,4.9530092,unofficial,0.5954,,,,4.55,15.35,5.95,0.0,0.0,0.43
Nieuwe Diep,52.3604931,4.9530092,unofficial,,,,,4.0,20.4,7.5,0.4,0.3,0.43
Nieuwe Diep,52.3604931,4.9530092,unofficial,0.2716,,,,4.2,17.3,6.4,0.3,0.3,0.43
Nieuwe Diep,52.3604931,4.9530092,unofficial,0.5911500000000001,,,,4.15,17.45,7.85,0.3,0.35,0.43
Nieuwe Diep,52.3604931,4.9530092,unofficial,0.802,,,,4.5,13.6,11.7,0.0,0.0,0.43
Nieuwe Diep,52.3604931,4.9530092,unofficial,,,,,5.8,6.8,6.7,0.0,0.0,0.43
Nieuwe Diep,52.3604931,4.9530092,unofficial,,,,,9.2,7.6,2.6,2.5,2.7,0.43
Nieuwe Diep,52.3604931,4.9530092,unofficial,0.2846,,,,6.2,6.5,0.4,1.0,0.7,0.43
Nieuwe Diep,52.3604931,4.9530092,unofficial,,,,,5.2,6.2,2.4,1.6,0.7,0.43
Nieuwe Diep,52.3604931,4.9530092,unofficial,0.6134999999999999,,,,4.05,6.2,1.4,0.6,0.8,0.43
Nieuwe Diep,52.3604931,4.9530092,unofficial,0.8062,,,,4.7,11.8,2.4,1.6,1.5,0.43
Nieuwe Diep,52.3604931,4.9530092,unofficial,0.81995,,,,4.7,15.35,5.449999999999999,0.8,0.6499999999999999,0.43
Nieuwe Diep,52.3604931,4.9530092,unofficial,0.5334000000000001,,,,4.6,18.5,7.6,0.0,0.0,0.43
Nieuwe Diep,52.3604931,4.9530092,unofficial,0.86605,,,,3.8,18.1,8.4,0.0,0.0,0.43
Nieuwe Diep,52.3604931,4.9530092,unofficial,0.6597,,,,4.25,16.950000000000003,9.4,0.05,0.05,0.43
Nieuwe Diep,52.3604931,4.9530092,unofficial,0.5106,,,,4.0,11.9,6.9,0.0,0.0,0.43
Nieuwe Diep,52.3604931,4.9530092,unofficial,0.765,,,,4.8,10.4,10.5,0.0,0.0,0.43
Nieuwe Diep,52.3604931,4.9530092,unofficial,0.6975,,,,6.5,8.1,3.0,1.0,0.4,0.43
Nieuwe Diep,52.3604931,4.9530092,unofficial,0.62165,,,,4.1,7.15,6.35,0.0,0.0,0.43
Nieuwe Diep,52.3604931,4.9530092,unofficial,0.6588,,,,5.1,4.6,0.7,1.3,0.7,0.43
Nieuwe Diep,52.3604931,4.9530092,unofficial,0.5994,,,,5.6,6.5,0.7,1.5,0.8,0.43
Nieuwe Diep,52.3604931,4.9530092,unofficial,0.4215,,,,4.75,6.9,1.35,0.0,0.0,0.43
Nieuwe Diep,52.3604931,4.9530092,unofficial,0.7134499999999999,,,,4.2,12.7,6.8,0.0,0.0,0.43
Nieuwe Diep,52.3604931,4.9530092,unofficial,0.7454000000000001,,,,4.199999999999999,15.25,6.300000000000001,0.0,0.0,0.43
Nieuwe Diep,52.3604931,4.9530092,unofficial,0.7269,,,,4.0,19.0,7.0,0.0,0.0,0.43
Nieuwe Diep,52.3604931,4.9530092,unofficial,0.64785,,,,3.3,20.0,11.7,0.0,0.0,0.43
Nieuwe Diep,52.3604931,4.9530092,unofficial,0.56755,,,,4.25,17.0,7.25,0.0,0.0,0.43
Nieuwe Diep,52.3604931,4.9530092,unofficial,0.6705,,,,3.9,17.8,10.3,0.0,0.0,0.43
Nieuwe Diep,52.3604931,4.9530092,unofficial,0.6369,,,,4.5,11.05,3.9,0.3,0.1,0.43
Nieuwe Diep,52.3604931,4.9530092,unofficial,0.8218,,,,4.6,5.6,4.0,1.0,0.2,0.43
Nieuwe Diep,52.3604931,4.9530092,unofficial,0.3119,,,,5.449999999999999,1.5,6.4,0.0,0.0,0.43
Nieuwe Diep,52.3604931,4.9530092,unofficial,0.34,,,,6.5,5.2,0.9,1.7,0.8,0.43
Nieuwe Diep,52.3604931,4.9530092,unofficial,0.6705,,,,5.8,5.3,0.3,2.8,2.8,0.43
Nieuwe Diep,52.3604931,4.9530092,unofficial,0.6124,,,,4.15,7.6,1.7000000000000002,1.8,1.6,0.43
Nieuwe Diep,52.3604931,4.9530092,unofficial,0.9229,,,,6.0,13.5,3.3,0.8,0.4,0.43
Nieuwe Diep,52.3604931,4.9530092,unofficial,,15.0,20.0,0.75,3.7,14.35,4.9,0.75,0.5,0.43
Nieuwe Diep,52.3604931,4.9530092,unofficial,0.6239,15.0,20.0,1.1,3.5,17.4,6.6,0.3,0.2,0.43
Nieuwe Diep,52.3604931,4.9530092,unofficial,0.6571,20.0,110.0,0.85,4.3,18.2,6.5,1.0,1.4,0.43
Nieuwe Diep,52.3604931,4.9530092,unofficial,0.8658,15.0,30.0,0.95,4.8,17.6,7.699999999999999,0.0,0.0,0.43
Nieuwe Diep,52.3604931,4.9530092,unofficial,0.8908,20.0,30.0,1.15,4.0,14.9,8.7,0.0,0.0,0.43
Nieuwe Diep,52.3604931,4.9530092,unofficial,0.706,32.5,90.0,0.5,4.45,9.05,7.15,0.35,0.05,0.43
Nieuwe Diep,52.3604931,4.9530092,unofficial,,,,,4.8,8.1,5.4,0.0,0.0,0.43
Nieuwe Diep,52.3604931,4.9530092,unofficial,,,,,5.45,4.9,0.6499999999999999,1.25,0.5,0.43
Nieuwe Diep,52.3604931,4.9530092,unofficial,,,,,3.5,6.0,1.0,0.0,0.0,0.43
Nieuwe Diep,52.3604931,4.9530092,unofficial,0.8815999999999999,,,,3.8,9.9,4.3,0.0,0.0,0.43
Nieuwe Diep,52.3604931,4.9530092,unofficial,0.8126,165.0,37.5,1.1,4.1,18.5,6.8,0.0,0.0,0.43
Nieuwe Diep,52.3604931,4.9530092,unofficial,,265.0,820.0,2.0,3.75,15.9,5.4,0.6000000000000001,0.75,0.43
Nieuwe Diep,52.3604931,4.9530092,unofficial,0.7351,,,,4.5,5.2,3.7,0.2,0.1,0.43
Nieuwe Diep,52.3604931,4.9530092,unofficial,0.5562,,,,5.6,5.6,1.4,1.3,1.6,0.43
Nieuwe Diep,52.3604931,4.9530092,unofficial,,,,,2.8499999999999996,16.4,6.9,0.0,0.0,0.43
Nieuwe Diep,52.3604931,4.9530092,unofficial,0.64185,,,,3.5,12.9,6.6,0.0,0.0,0.43
