Sentiment_Score_mean,O2_mg/l_mean,O2_%_mean,T_oC_mean,ZICHT_m_mean,INTTNLETRCCN_nKVE/dl_mean,E_COLI_nKVE/dl_mean,CHLFa_ug/l_blauwalg_mean,FG_mean,TG_mean,SQ_mean,DR_mean,RH_mean,Normalized_Amenities_Score
0.5994,7.601067516559722,74.30058278495113,14.945891997796547,1.1891668974088219,116.57417372494247,371.57288932919494,2.551537764370716,5.174193548387097,13.429032258064517,3.0870967741935487,3.703225806451613,5.274193548387097,0.36
0.38585,5.400000000000001,46.63333333333333,17.863636363636363,1.4,550.0,1208.0,0.675,3.6966666666666654,18.186666666666667,6.510000000000001,1.1133333333333333,2.123333333333333,0.36
0.5789,6.066666666666667,64.5,18.33,1.2166666666666666,31.25,322.5,1.3,4.467741935483871,17.796774193548387,6.754838709677419,1.4806451612903226,3.264516129032258,0.36
0.54235,6.316666666666666,67.0,18.84,1.2166666666666666,51.25,135.0,0.9,5.651612903225806,18.203225806451613,7.061290322580645,1.8806451612903223,3.270967741935484,0.36
0.802,8.85,93.0,20.775,0.72,43.75,252.5,1.2,4.366666666666666,19.273333333333333,11.013333333333332,0.5066666666666666,0.7533333333333333,0.36
0.0,8.683333333333332,81.66666666666667,14.3,1.9666666666666668,15.0,95.0,4.15,4.199999999999999,13.34516129032258,8.287096774193548,0.7032258064516128,1.216129032258065,0.36
0.48829951650848674,10.816666666666668,91.83333333333331,8.616666666666665,1.45,99.54467305231965,300.6188303691907,6.8,4.866666666666666,8.886666666666667,6.746666666666667,1.856666666666667,2.19,0.36
0.7425,11.516666666666667,92.83333333333331,6.616666666666667,2.15,97.58395685651281,293.68383750489284,5.4,5.874193548387097,7.003225806451613,3.970967741935484,3.458064516129032,3.2516129032258063,0.36
0.4923708307362871,7.1000000000000005,58.142857142857146,7.214285714285714,1.3666666666666665,124.08097262796409,402.3148229265505,0.4,4.867741935483871,4.241935483870968,2.238709677419355,2.661290322580645,2.441935483870968,0.36
0.7269,7.657142857142857,70.28571428571429,11.485714285714284,2.2,117.81337083349243,376.5596886949747,0.5,5.366666666666666,8.83,3.143333333333333,3.0133333333333336,3.65,0.36
0.9359,4.714285714285714,43.71428571428572,12.257142857142858,1.933333333333333,139.70334457687747,463.53308688148445,0.9666666666666668,4.464516129032258,13.45483870967742,4.761290322580645,1.164516129032258,1.8193548387096767,0.36
0.8172,4.628571428571429,49.0,17.063636363636363,1.342857142857143,47.5,140.0,3.7,3.4833333333333334,15.413333333333332,6.36,2.4566666666666666,5.263333333333334,0.36
0.64785,5.2714285714285705,57.42857142857143,19.21818181818182,1.0714285714285714,20.0,80.0,0.98,3.52258064516129,20.29032258064516,8.925806451612903,0.2741935483870967,1.425806451612903,0.36
0.3953,6.485714285714287,67.14285714285714,18.30909090909091,1.1428571428571428,31.25,222.5,2.8200000000000003,3.97741935483871,18.751612903225805,8.470967741935485,0.5870967741935483,1.135483870967742,0.36
0.5859,8.114285714285714,79.14285714285714,16.681818181818183,1.4285714285714286,17.5,95.0,0.68,4.153333333333333,17.063333333333333,9.636666666666668,1.1133333333333333,2.52,0.36
0.6027333333333333,10.414285714285716,96.71428571428572,14.009090909090911,1.2285714285714284,27.5,37.5,0.78,4.280645161290322,13.98709677419355,8.319354838709677,0.732258064516129,1.6483870967741936,0.36
0.4215,11.257142857142858,97.28571428571428,10.31111111111111,1.2600000000000002,77.5,32.5,0.5,5.423333333333333,9.663333333333332,7.643333333333333,1.1900000000000002,1.356666666666667,0.36
0.0,12.1,95.0,5.728571428571428,1.9666666666666663,96.4852390992595,292.0824759161487,0.5666666666666667,4.112903225806452,7.745161290322581,8.438709677419356,0.767741935483871,0.7290322580645162,0.36
0.2294,10.6,84.42857142857143,6.242857142857143,1.7,103.96015334406363,319.4485726909333,5.0,8.289285714285715,6.889285714285714,4.121428571428572,2.8714285714285714,3.657142857142857,0.36
0.4890390759562466,9.1,73.85714285714286,6.771428571428571,1.6,112.18178982323649,354.61270433440785,0.5,5.17741935483871,5.603225806451612,1.6838709677419357,1.4096774193548387,1.441935483870968,0.36
0.0,9.428571428571429,77.85714285714286,7.628571428571428,1.6666666666666667,109.41836347263607,343.3258882129388,0.78,4.819354838709677,5.612903225806452,1.467741935483871,2.641935483870968,1.941935483870968,0.36
0.2863,4.799999999999999,48.85714285714285,16.345454545454544,1.342857142857143,48.75,242.5,2.1375,3.72,16.516666666666666,6.13,0.3266666666666667,0.4866666666666666,0.36
0.7717,7.142857142857143,71.28571428571429,16.50909090909091,0.9,96.25,320.0,1.875,4.490322580645161,17.080645161290324,5.409677419354838,0.8870967741935484,2.980645161290323,0.36
0.5032,7.357142857142856,75.28571428571429,18.49090909090909,1.042857142857143,48.75,110.0,2.5375,4.041935483870968,17.990322580645163,6.432258064516129,0.6580645161290323,1.9580645161290324,0.36
0.49282629031105596,7.957142857142857,83.85714285714286,19.372727272727275,0.9142857142857144,21.25,277.5,0.55,3.503333333333333,17.80666666666667,8.446666666666667,1.34,3.54,0.36
0.6384,11.385714285714286,107.57142857142856,14.041666666666666,1.3875,118.0,116.0,1.0375,4.948387096774193,11.167741935483871,6.783870967741936,2.170967741935484,3.2483870967741937,0.36
0.4840968719946758,10.785714285714286,89.57142857142857,8.966666666666667,0.98,30.0,15.0,1.0125,4.666666666666667,6.6866666666666665,7.223333333333333,1.3233333333333337,1.3533333333333333,0.36
0.7016,12.024285714285714,96.57142857142856,6.671428571428571,1.5,95.13397850119004,286.5338342226838,0.5,5.122580645161291,6.516129032258065,4.532258064516129,1.5806451612903225,1.1548387096774193,0.36
0.75665,10.583333333333334,82.83333333333333,5.633333333333334,1.65,104.58305373038701,324.555285219301,0.5,5.15,4.175,4.317857142857143,2.314285714285714,1.6821428571428572,0.36
0.3182,10.014285714285716,79.0,5.4,1.2666666666666666,107.1065174662943,334.1286299491295,1.36,5.103225806451612,3.541935483870968,1.974193548387097,2.696774193548387,2.490322580645161,0.36
0.0,8.28142857142857,68.57142857142858,6.5,1.2333333333333334,115.97046004256475,368.2247448816263,3.38,4.861290322580645,5.609677419354839,1.564516129032258,3.525806451612904,3.861290322580645,0.36
0.38585,6.857142857142857,61.142857142857146,10.528571428571428,1.933333333333333,124.31843543055052,402.2849521565169,1.1599999999999997,4.786666666666666,9.123333333333331,2.9133333333333336,1.586666666666667,1.7466666666666666,0.36
0.6992499999999999,7.685714285714285,71.28571428571429,11.9,1.3333333333333333,117.61092485931994,373.7875486801598,3.716666666666667,5.470967741935484,11.506451612903223,2.454838709677419,2.629032258064516,3.8741935483870966,0.36
0.7964,6.357142857142857,62.71428571428572,15.988888888888887,1.14,32.5,310.0,2.257142857142857,4.023333333333333,15.62,6.3533333333333335,1.6866666666666668,2.8800000000000003,0.36
0.5091398636547257,6.392,72.4,20.64,0.8,295.0,1386.25,8.690000000000001,4.383870967741935,20.548387096774192,7.509677419354839,1.1806451612903226,2.5612903225806454,0.36
0.49489640680076313,6.671428571428571,69.14285714285714,17.69090909090909,1.042857142857143,51.25,252.5,1.6749999999999998,4.709677419354839,17.009677419354837,7.090322580645162,2.161290322580645,2.0451612903225804,0.36
0.0,7.085714285714286,68.42857142857143,16.20909090909091,1.157142857142857,40.0,153.75,0.625,4.489999999999999,17.293333333333333,7.956666666666666,1.4333333333333331,2.996666666666667,0.36
0.4215,9.657142857142857,92.14285714285714,15.0,1.1444444444444446,250.8333333333333,871.6666666666666,0.8125,4.535483870967742,13.248387096774191,10.806451612903226,0.2935483870967741,0.3225806451612903,0.36
0.3705,9.885714285714284,83.14285714285714,7.199999999999998,1.7666666666666666,105.87052325582067,329.43066571491363,0.6,6.238709677419355,6.890322580645161,6.370967741935484,1.667741935483871,1.558064516129032,0.36
0.4825,9.685714285714289,80.85714285714286,6.671428571428571,1.4333333333333331,107.61501319233228,336.25796926911187,0.54,8.63448275862069,7.162068965517242,2.648275862068965,3.3241379310344827,4.76551724137931,0.36
0.4593,9.314285714285717,74.85714285714286,6.4,2.1666666666666665,111.54373416677475,351.9651296575661,0.6,5.961290322580646,6.558064516129033,1.3806451612903226,1.993548387096774,1.5096774193548386,0.36
0.4925588273965151,7.1000000000000005,59.0,6.628571428571427,1.2666666666666666,123.80813557801596,401.0520985709031,0.6,5.548387096774194,6.080645161290323,2.6,2.4064516129032256,2.335483870967742,0.36
0.2083,6.4,56.142857142857146,8.128571428571428,1.3666666666666665,126.79494016110814,412.7671297893152,0.64,4.34,6.6433333333333335,2.313333333333333,2.9833333333333334,3.956666666666666,0.36
0.6391,6.928571428571429,65.57142857142857,10.742857142857144,1.4333333333333331,122.14016326151332,393.63285586277914,0.6199999999999999,4.945161290322581,11.612903225806452,3.238709677419355,3.0806451612903225,4.380645161290323,0.36
0.4927,5.114285714285714,51.142857142857146,15.866666666666664,0.8875,200.0,654.0,1.6428571428571428,4.743333333333334,15.169999999999998,5.4,2.18,3.23,0.36
0.4843,5.6000000000000005,61.0,18.916666666666668,0.925,328.0,1558.0,1.0857142857142856,4.596774193548387,18.82258064516129,7.767741935483872,1.0903225806451613,1.8,0.36
0.7527,6.057142857142857,63.71428571428572,19.058333333333334,0.7875,100.0,712.0,1.9142857142857144,3.8806451612903214,18.65806451612903,8.125806451612904,0.8967741935483872,1.3870967741935485,0.36
0.5719,8.528571428571428,90.85714285714286,19.163636363636364,0.9571428571428572,46.25,207.5,2.085714285714286,4.496666666666667,17.82,8.76,1.1266666666666665,3.79,0.36
0.4215,9.16,85.6,13.666666666666666,0.92,26.25,115.0,0.7857142857142857,4.351612903225806,11.661290322580646,7.22258064516129,0.7258064516129032,0.9870967741935484,0.36
0.6387,10.8,97.6,11.285714285714288,1.2666666666666666,40.0,47.5,0.5166666666666667,4.756666666666666,11.01,8.556666666666667,0.4866666666666666,1.0833333333333333,0.36
0.7616666666666667,9.92,82.2,7.56,1.5,107.00218246753273,333.78560536888824,0.5,6.706451612903226,7.925806451612903,4.1,2.6,2.364516129032258,0.36
0.3703499999999999,13.079999999999998,99.4,3.78,3.5,91.83696262804835,273.6446375762695,0.5,4.775,6.346428571428571,5.1571428571428575,2.275,1.4035714285714285,0.36
0.487417566586759,9.78,76.0,4.1,3.5,108.99690145106054,342.25037566499765,0.5,5.432258064516129,3.838709677419355,1.8387096774193548,2.329032258064516,1.467741935483871,0.36
0.6361,9.266666666666667,80.66666666666667,9.533333333333331,2.5,108.28812683650776,338.7408898006821,0.5,5.612903225806452,6.548387096774194,1.5225806451612904,2.803225806451613,2.364516129032258,0.36
0.4896603644519503,8.8,73.4,6.5600000000000005,2.5,112.85060476523273,357.1130079432327,0.82,5.1,6.96,3.02,1.2433333333333332,0.7433333333333334,0.36
0.469225,5.96,56.6,12.1,3.5,129.494559455247,423.0034256425643,0.6799999999999999,4.380645161290323,12.496774193548386,5.558064516129033,1.132258064516129,1.2741935483870968,0.36
0.49603879378202803,5.5600000000000005,55.2,15.3,1.36,32.142857142857146,240.0,0.5,4.36,15.2,6.06,1.26,3.393333333333333,0.36
0.5719,5.98,63.6,19.21111111111111,1.2,64.28571428571429,132.14285714285714,2.857142857142857,4.048387096774194,18.693548387096776,6.706451612903226,1.261290322580645,2.6225806451612903,0.36
0.5382333333333333,5.24,53.0,18.84,1.1666666666666663,90.625,498.125,0.6599999999999999,3.861290322580645,20.574193548387097,11.061290322580644,0.1129032258064516,0.1225806451612903,0.36
0.5244,7.1,68.2,16.066666666666666,1.4,34.285714285714285,110.71428571428572,0.7999999999999999,4.55,17.163333333333334,7.33,0.2533333333333333,0.19,0.36
0.8442,8.4,85.4,17.42222222222222,1.7,32.857142857142854,90.71428571428572,0.54,3.97741935483871,16.374193548387098,9.370967741935484,0.8064516129032258,1.0516129032258066,0.36
0.4817908919693334,13.26,104.2,4.48,3.8,87.86983427186829,257.8190107904251,0.5,5.338709677419355,4.670967741935484,4.445161290322581,2.009677419354839,1.367741935483871,0.36
0.48697400805112023,10.16,79.2,4.24,2.6,105.61020898346996,328.0683879038331,2.469878382775293,5.257142857142857,1.082142857142857,5.825,0.9892857142857142,0.5928571428571427,0.36
0.5994,11.32,95.2,5.94,2.5,95.62444103496202,288.4750963549354,0.5,6.467741935483871,5.551612903225807,1.5225806451612904,2.293548387096774,2.3483870967741933,0.36
0.48704599258846604,10.3,83.2,6.459999999999999,3.0,104.59529524296671,323.258414550528,2.491443515739628,5.806451612903226,5.119354838709677,1.0483870967741935,3.8225806451612905,3.909677419354839,0.36
0.7783,5.98,56.98,14.77777777777778,1.06,20.83333333333333,150.83333333333334,0.5,4.28,14.266666666666667,4.95,2.3633333333333337,5.446666666666667,0.36
0.6249,4.82,51.8,17.2,1.3199999999999998,22.5,69.16666666666667,1.48,3.916129032258065,17.538709677419355,6.054838709677419,1.5258064516129033,3.064516129032258,0.36
0.4883947257215063,8.22,72.0,9.9,1.6333333333333335,20.0,63.75,0.5,4.456666666666666,8.743333333333334,6.803333333333333,0.95,1.06,0.36
0.0,10.084193398293198,78.50050434113875,3.2216549864775708,1.4544538459100012,106.07397800049199,329.7186405412705,2.469575671073976,4.051612903225807,1.870967741935484,3.05483870967742,1.4129032258064516,1.7129032258064516,0.36
0.9398,5.883333333333333,53.16666666666666,10.2,3.0,130.8671807516467,428.8269540577913,0.5,3.770967741935484,10.403225806451612,4.619354838709677,1.1903225806451614,2.2516129032258063,0.36
0.5112218832515343,5.114285714285715,44.82857142857143,17.75,1.35,550.0,1208.0,0.675,3.6966666666666654,18.186666666666667,6.510000000000001,1.1133333333333333,2.123333333333333,0.29
0.9169,5.771428571428571,61.285714285714285,18.80909090909091,1.2571428571428571,51.25,135.0,0.9,5.651612903225806,18.203225806451613,7.061290322580645,1.8806451612903223,3.270967741935484,0.29
0.49405648532483315,7.779999999999999,82.2,20.81111111111111,0.7333333333333333,43.75,252.5,1.2,4.366666666666666,19.273333333333333,11.013333333333332,0.5066666666666666,0.7533333333333333,0.29
0.4901517080211976,8.528571428571428,80.71428571428571,14.481818181818182,1.7285714285714289,15.0,95.0,4.15,4.199999999999999,13.34516129032258,8.287096774193548,0.7032258064516128,1.216129032258065,0.29
0.49836273916553003,4.300000000000001,45.625,17.28333333333333,1.2125,47.5,140.0,3.7,3.4833333333333334,15.413333333333332,6.36,2.4566666666666666,5.263333333333334,0.29
0.43974,5.6,61.625,19.5,1.0375,20.0,80.0,0.98,3.52258064516129,20.29032258064516,8.925806451612903,0.2741935483870967,1.425806451612903,0.29
0.4767,6.2375,64.75,18.425,1.0375,31.25,222.5,2.8200000000000003,3.97741935483871,18.751612903225805,8.470967741935485,0.5870967741935483,1.135483870967742,0.29
0.6582333333333333,7.624999999999999,74.75,16.758333333333333,1.3250000000000002,17.5,95.0,0.68,4.153333333333333,17.063333333333333,9.636666666666668,1.1133333333333333,2.52,0.29
0.4886964316056741,10.1625,81.0,6.2875,1.35,106.61915852556021,330.072213076211,5.0,8.289285714285715,6.889285714285714,4.121428571428572,2.8714285714285714,3.657142857142857,0.29
0.6369,8.8625,71.625,6.6,1.35,113.84169238707702,361.26044897269657,0.5,5.17741935483871,5.603225806451612,1.6838709677419357,1.4096774193548387,1.441935483870968,0.29
0.4985224779991147,4.6625,47.5,16.40833333333333,1.275,48.75,242.5,2.1375,3.72,16.516666666666666,6.13,0.3266666666666667,0.4866666666666666,0.29
0.49624578852660545,6.512499999999999,65.0,16.608333333333334,0.9125,96.25,320.0,1.875,4.490322580645161,17.080645161290324,5.409677419354838,0.8870967741935484,2.980645161290323,0.29
0.7351,7.35,77.625,19.56666666666667,0.8625,21.25,277.5,0.55,3.503333333333333,17.80666666666667,8.446666666666667,1.34,3.54,0.29
0.4836487887010088,10.9625,92.375,9.31,0.9166666666666664,30.0,15.0,1.0125,4.666666666666667,6.6866666666666665,7.223333333333333,1.3233333333333337,1.3533333333333333,0.29
0.48469427258511427,11.94625,95.875,6.6375,1.25,95.66557597574901,288.65934470611535,0.5,5.122580645161291,6.516129032258065,4.532258064516129,1.5806451612903225,1.1548387096774193,0.29
0.0,10.583333333333334,82.83333333333333,5.633333333333334,1.65,104.58131788973863,324.5484750415685,0.5,5.15,4.175,4.317857142857143,2.314285714285714,1.6821428571428572,0.29
0.7717,6.009999999999999,68.33333333333333,20.84375,0.7666666666666666,295.0,1386.25,8.690000000000001,4.383870967741935,20.548387096774192,7.509677419354839,1.1806451612903226,2.5612903225806454,0.29
0.937,6.8375,71.0,17.766666666666666,0.9625,51.25,252.5,1.6749999999999998,4.709677419354839,17.009677419354837,7.090322580645162,2.161290322580645,2.0451612903225804,0.29
0.49671286326588865,9.275,89.125,15.228571428571428,1.07,250.8333333333333,871.6666666666666,0.8125,4.535483870967742,13.248387096774191,10.806451612903226,0.2935483870967741,0.3225806451612903,0.29
0.4883199396263296,9.425,78.75,6.775,1.3,109.26900468015765,342.8612364731793,0.54,8.63448275862069,7.162068965517242,2.648275862068965,3.3241379310344827,4.76551724137931,0.29
0.5017717659177213,5.8125,61.375,19.06153846153846,0.7444444444444444,100.0,712.0,1.9142857142857144,3.8806451612903214,18.65806451612903,8.125806451612904,0.8967741935483872,1.3870967741935485,0.29
0.7096,5.449999999999999,58.16666666666666,19.28,1.0833333333333333,64.28571428571429,132.14285714285714,2.857142857142857,4.048387096774194,18.693548387096776,6.706451612903226,1.261290322580645,2.6225806451612903,0.29
-0.6787,6.4,62.0,13.466666666666669,1.95,126.24489713849147,409.7946195833514,0.52,6.02258064516129,13.52258064516129,3.532258064516129,1.867741935483871,2.4838709677419355,0.29
0.488528028473656,8.116666666666665,71.66666666666667,10.1875,1.375,20.0,63.75,0.5,4.456666666666666,8.743333333333334,6.803333333333333,0.95,1.06,0.29
0.84325,7.986928386390818,77.99599111196224,14.66555151387448,1.2061335049783561,114.42953533363493,361.0974750477387,2.559901756167857,5.174193548387097,13.429032258064517,3.0870967741935487,3.703225806451613,5.274193548387097,0.07
0.508802973184837,8.285714285714286,87.0,18.291666666666668,1.0714285714285714,1168.0,772.0,26.8375,3.6966666666666654,18.186666666666667,6.510000000000001,1.1133333333333333,2.123333333333333,0.07
0.5994,9.485714285714286,102.0,19.30909090909091,1.0,72.5,367.5,18.75714285714286,4.467741935483871,17.796774193548387,6.754838709677419,1.4806451612903226,3.264516129032258,0.07
0.5719,9.928571428571429,101.28571428571428,18.145454545454545,1.1666666666666667,47.5,112.5,3.866666666666666,5.651612903225806,18.203225806451613,7.061290322580645,1.8806451612903223,3.270967741935484,0.07
0.8122,10.14,101.8,19.14444444444445,0.8400000000000001,21.25,197.5,3.075,4.366666666666666,19.273333333333333,11.013333333333332,0.5066666666666666,0.7533333333333333,0.07
0.48446439828385846,11.500000000000002,106.42857142857144,13.636363636363637,4.95,16.25,115.0,0.5,4.199999999999999,13.34516129032258,8.287096774193548,0.7032258064516128,1.216129032258065,0.07
0.5994,12.742857142857146,103.14285714285714,6.628571428571428,3.55,90.29613051663964,267.12869351802067,0.5,5.874193548387097,7.003225806451613,3.970967741935484,3.458064516129032,3.2516129032258063,0.07
0.48449419964803897,11.37142857142857,94.85714285714286,6.942857142857142,3.5,96.43147366568735,291.599712456616,0.5,6.416129032258064,6.006451612903225,1.9096774193548387,3.158064516129032,3.929032258064516,0.07
0.0,10.314285714285711,94.71428571428572,12.728571428571428,1.9,100.8028849739761,307.69556299215446,1.45,4.464516129032258,13.45483870967742,4.761290322580645,1.164516129032258,1.8193548387096767,0.07
0.598475,10.7,110.14285714285714,18.963636363636365,1.0833333333333333,25.0,300.0,2.2,3.52258064516129,20.29032258064516,8.925806451612903,0.2741935483870967,1.425806451612903,0.07
0.8581,9.985714285714284,97.42857142857144,17.836363636363636,1.6333333333333335,107.5,195.0,2.55,3.97741935483871,18.751612903225805,8.470967741935485,0.5870967741935483,1.135483870967742,0.07
0.4859125083973149,10.971428571428572,106.57142857142856,16.081818181818182,1.4916666666666665,18.75,60.0,1.6666666666666667,4.153333333333333,17.063333333333333,9.636666666666668,1.1133333333333333,2.52,0.07
0.4845269769593183,11.971428571428572,109.0,13.536363636363635,1.3,20.0,152.5,0.6,4.280645161290322,13.98709677419355,8.319354838709677,0.732258064516129,1.6483870967741936,0.07
0.5994,11.957142857142856,95.42857142857144,6.357142857142857,5.5,96.01170418132942,290.0582717746743,0.5,8.289285714285715,6.889285714285714,4.121428571428572,2.8714285714285714,3.657142857142857,0.07
0.875,9.95714285714286,88.85714285714286,11.0,3.5,102.91387490179609,317.0547622272937,0.5,3.95,7.83,2.006666666666667,2.52,2.563333333333333,0.07
0.488786395330114,9.642857142857142,92.71428571428572,14.085714285714287,1.7,102.57108085644192,314.77701328600824,1.25,4.987096774193549,11.996774193548386,3.6,2.725806451612903,4.648387096774194,0.07
0.4890568159240657,9.857142857142856,100.71428571428572,16.845454545454544,1.1333333333333333,66.25,278.75,2.45,3.72,16.516666666666666,6.13,0.3266666666666667,0.4866666666666666,0.07
0.3383,9.742857142857142,97.57142857142856,16.990909090909092,1.2166666666666666,62.5,342.5,1.290909090909091,4.490322580645161,17.080645161290324,5.409677419354838,0.8870967741935484,2.980645161290323,0.07
0.8636,9.485714285714284,95.57142857142856,18.281818181818185,1.1333333333333333,95.0,80.0,2.66,4.041935483870968,17.990322580645163,6.432258064516129,0.6580645161290323,1.9580645161290324,0.07
0.4404,10.528571428571428,104.71428571428572,17.51666666666667,1.6428571428571428,108.0,664.0,0.99,3.503333333333333,17.80666666666667,8.446666666666667,1.34,3.54,0.07
0.4876069243531054,11.142857142857142,104.28571428571428,13.3,1.3,42.5,487.5,0.5,4.948387096774193,11.167741935483871,6.783870967741936,2.170967741935484,3.2483870967741937,0.07
0.34,13.585714285714287,107.14285714285714,6.085714285714286,1.95,86.78490843590404,253.20487695200356,0.5,5.122580645161291,6.516129032258065,4.532258064516129,1.5806451612903225,1.1548387096774193,0.07
0.4840046081699751,11.657142857142857,93.85714285714286,6.371428571428572,2.5,96.12641716594997,290.61031419064307,0.5,5.103225806451612,3.541935483870968,1.974193548387097,2.696774193548387,2.490322580645161,0.07
0.5994,9.87142857142857,93.92857142857144,13.7,1.8,101.2956691781915,309.90394127791035,0.8666666666666667,5.470967741935484,11.506451612903223,2.454838709677419,2.629032258064516,3.8741935483870966,0.07
-0.1531,10.071428571428571,101.85714285714286,17.2,1.0833333333333333,22.5,62.5,0.76,4.709677419354839,17.009677419354837,7.090322580645162,2.161290322580645,2.0451612903225804,0.07
0.4872096835817224,10.314285714285711,96.71428571428572,13.872727272727271,1.2666666666666666,70.0,137.5,0.65,4.535483870967742,13.248387096774191,10.806451612903226,0.2935483870967741,0.3225806451612903,0.07
0.0,9.685714285714289,78.42857142857143,6.5,3.2,108.81436703017201,341.10490252436057,0.5,5.961290322580646,6.558064516129033,1.3806451612903226,1.993548387096774,1.5096774193548386,0.07
0.4883154236447479,9.085714285714284,82.0,9.185714285714283,1.5,107.40207848767785,335.19406839477875,0.5333333333333333,4.34,6.6433333333333335,2.313333333333333,2.9833333333333334,3.956666666666666,0.07
-0.0258,11.585714285714284,126.85714285714286,19.018181818181816,1.2,155.0,187.5,0.98,4.596774193548387,18.82258064516129,7.767741935483872,1.0903225806451613,1.8,0.07
0.4855965398734465,11.042857142857144,113.85714285714286,17.69090909090909,1.55,53.75,102.5,1.17,3.8806451612903214,18.65806451612903,8.125806451612904,0.8967741935483872,1.3870967741935485,0.07
0.926,8.6,85.28571428571429,16.918181818181818,1.1833333333333331,22.5,203.75,0.51,4.496666666666667,17.82,8.76,1.1266666666666665,3.79,0.07
0.8779,12.185714285714283,111.57142857142856,10.5,1.625,17.5,15.0,0.5125,4.756666666666666,11.01,8.556666666666667,0.4866666666666666,1.0833333333333333,0.07
0.2787,11.142857142857142,93.28571428571428,8.157142857142857,1.45,98.72181940455785,300.62767399260576,0.5,6.706451612903226,7.925806451612903,4.1,2.6,2.364516129032258,0.07
0.4869847342618779,9.5,85.66666666666667,8.133333333333333,0.7,104.12603773891078,322.18362175370316,0.5,5.612903225806452,6.548387096774194,1.5225806451612904,2.803225806451613,2.364516129032258,0.07
0.4856573987130734,10.725,93.375,8.524999999999999,1.5666666666666669,98.34242751238645,299.1003455106979,0.5,5.1,6.96,3.02,1.2433333333333332,0.7433333333333334,0.07
0.5719,8.225,86.875,19.616666666666664,1.0,70.0,430.0,2.7071428571428577,4.048387096774194,18.693548387096776,6.706451612903226,1.261290322580645,2.6225806451612903,0.07
0.487267320412231,10.025,100.125,16.208333333333332,1.2428571428571429,60.0,87.5,0.823076923076923,3.97741935483871,16.374193548387098,9.370967741935484,0.8064516129032258,1.0516129032258066,0.07
0.48805330120948826,9.425,75.0,4.75,1.5666666666666669,109.06874987569769,341.8364906345223,2.4724624997192755,5.257142857142857,1.082142857142857,5.825,0.9892857142857142,0.5928571428571427,0.07
0.48467454133620186,12.2,93.5,6.175000000000001,1.4,96.59065137046154,291.2768666981093,2.490556227592203,5.806451612903226,5.119354838709677,1.0483870967741935,3.8225806451612905,3.909677419354839,0.07
0.5283067107151338,8.7125,90.25,18.192857142857143,0.7888888888888889,698.3333333333334,3808.3333333333335,6.445454545454544,4.312903225806451,17.95483870967742,6.680645161290323,1.7032258064516128,3.954838709677419,0.07
0.7351,9.3125,87.375,14.692307692307695,1.075,270.0,562.0,1.15,4.241935483870968,14.82258064516129,7.787096774193548,0.8,1.035483870967742,0.07
0.6705,8.285714285714286,87.0,18.291666666666668,1.0714285714285714,1168.0,772.0,26.8375,3.6966666666666654,18.186666666666667,6.510000000000001,1.1133333333333333,2.123333333333333,0.07
0.4883631267550856,9.928571428571429,101.28571428571428,18.145454545454545,1.1666666666666667,47.5,112.5,3.866666666666666,5.651612903225806,18.203225806451613,7.061290322580645,1.8806451612903223,3.270967741935484,0.07
0.6124,10.14,101.8,19.14444444444445,0.8400000000000001,21.25,197.5,3.075,4.366666666666666,19.273333333333333,11.013333333333332,0.5066666666666666,0.7533333333333333,0.07
0.4841966110446504,12.414285714285716,104.42857142857144,8.5,1.65,90.69455799131407,268.55176803040246,0.5,4.866666666666666,8.886666666666667,6.746666666666667,1.856666666666667,2.19,0.07
0.49435,10.7,110.14285714285714,18.963636363636365,1.0833333333333333,25.0,300.0,2.2,3.52258064516129,20.29032258064516,8.925806451612903,0.2741935483870967,1.425806451612903,0.07
0.6486,9.985714285714284,97.42857142857144,17.836363636363636,1.6333333333333335,107.5,195.0,2.55,3.97741935483871,18.751612903225805,8.470967741935485,0.5870967741935483,1.135483870967742,0.07
0.2202,10.971428571428572,106.57142857142856,16.081818181818182,1.4916666666666665,18.75,60.0,1.6666666666666667,4.153333333333333,17.063333333333333,9.636666666666668,1.1133333333333333,2.52,0.07
0.3691,12.071428571428571,104.57142857142856,9.755555555555556,1.875,17.5,15.0,0.5,5.423333333333333,9.663333333333332,7.643333333333333,1.1900000000000002,1.356666666666667,0.07
0.7717,11.985714285714286,94.85714285714286,6.1571428571428575,3.5,96.68874415820557,292.9091559487999,0.5,4.112903225806452,7.745161290322581,8.438709677419356,0.767741935483871,0.7290322580645162,0.07
0.46125,9.857142857142856,100.71428571428572,16.845454545454544,1.1333333333333333,66.25,278.75,2.45,3.72,16.516666666666666,6.13,0.3266666666666667,0.4866666666666666,0.07
0.4215,9.742857142857142,97.57142857142856,16.990909090909092,1.2166666666666666,62.5,342.5,1.290909090909091,4.490322580645161,17.080645161290324,5.409677419354838,0.8870967741935484,2.980645161290323,0.07
0.7003,9.485714285714284,95.57142857142856,18.281818181818185,1.1333333333333333,95.0,80.0,2.66,4.041935483870968,17.990322580645163,6.432258064516129,0.6580645161290323,1.9580645161290324,0.07
0.49254367124296355,10.528571428571428,104.71428571428572,17.51666666666667,1.6428571428571428,108.0,664.0,0.99,3.503333333333333,17.80666666666667,8.446666666666667,1.34,3.54,0.07
0.3889,11.142857142857142,104.28571428571428,13.3,1.3,42.5,487.5,0.5,4.948387096774193,11.167741935483871,6.783870967741936,2.170967741935484,3.2483870967741937,0.07
0.4870369339147396,10.328571428571427,93.85714285714286,12.271428571428572,2.3,99.9685194348129,305.13068231781756,0.5,4.786666666666666,9.123333333333331,2.9133333333333336,1.586666666666667,1.7466666666666666,0.07
0.8807,9.87142857142857,93.92857142857144,13.7,1.8,101.2961216745136,309.9055519265165,0.8666666666666667,5.470967741935484,11.506451612903223,2.454838709677419,2.629032258064516,3.8741935483870966,0.07
0.5103312278689739,10.028571428571428,98.28571428571428,16.42222222222222,1.6,62.5,180.0,106.1090909090909,4.023333333333333,15.62,6.3533333333333335,1.6866666666666668,2.8800000000000003,0.07
0.4653777777777777,10.104285714285714,113.28571428571428,20.64,1.03,305.0,626.25,9.37142857142857,4.383870967741935,20.548387096774192,7.509677419354839,1.1806451612903226,2.5612903225806454,0.07
0.6455125,10.071428571428571,101.85714285714286,17.2,1.0833333333333333,22.5,62.5,0.76,4.709677419354839,17.009677419354837,7.090322580645162,2.161290322580645,2.0451612903225804,0.07
0.4050399999999999,9.657142857142857,94.42857142857144,15.9,1.95,25.0,122.5,0.92,4.489999999999999,17.293333333333333,7.956666666666666,1.4333333333333331,2.996666666666667,0.07
0.08695,10.314285714285711,96.71428571428572,13.872727272727271,1.2666666666666666,70.0,137.5,0.65,4.535483870967742,13.248387096774191,10.806451612903226,0.2935483870967741,0.3225806451612903,0.07
0.48682455794997304,10.457142857142856,88.14285714285714,7.242857142857142,3.7,101.98600122253325,313.9651988330453,0.5,6.238709677419355,6.890322580645161,6.370967741935484,1.667741935483871,1.558064516129032,0.07
0.48842041775489203,9.8,80.0,6.7,0.4,108.02737813050642,336.8687260534156,2.501868493313938,8.63448275862069,7.162068965517242,2.648275862068965,3.3241379310344827,4.76551724137931,0.07
0.49305,9.685714285714289,78.42857142857143,6.5,3.2,108.81516014539282,341.10772559686427,0.5,5.961290322580646,6.558064516129033,1.3806451612903226,1.993548387096774,1.5096774193548386,0.07
0.4888369805684599,8.928571428571429,76.85714285714286,7.742857142857143,2.75,110.48608769256566,347.7595099251015,0.5,5.548387096774194,6.080645161290323,2.6,2.4064516129032256,2.335483870967742,0.07
0.4883154236447479,9.085714285714284,82.0,9.185714285714283,1.5,107.40207848767785,335.19406839477875,0.5333333333333333,4.34,6.6433333333333335,2.313333333333333,2.9833333333333334,3.956666666666666,0.07
0.0,9.642857142857142,90.42857142857144,12.599999999999998,2.2,103.72334464697296,319.8985990885878,0.5333333333333333,4.945161290322581,11.612903225806452,3.238709677419355,3.0806451612903225,4.380645161290323,0.07
0.4215,8.685714285714285,88.42857142857143,16.599999999999998,1.2166666666666666,112.5,185.0,1.41,4.743333333333334,15.169999999999998,5.4,2.18,3.23,0.07
0.135575,11.585714285714284,126.85714285714286,19.018181818181816,1.2,155.0,187.5,0.98,4.596774193548387,18.82258064516129,7.767741935483872,1.0903225806451613,1.8,0.07
0.6054499999999999,11.042857142857144,113.85714285714286,17.69090909090909,1.55,53.75,102.5,1.17,3.8806451612903214,18.65806451612903,8.125806451612904,0.8967741935483872,1.3870967741935485,0.07
0.56045,8.6,85.28571428571429,16.918181818181818,1.1833333333333331,22.5,203.75,0.51,4.496666666666667,17.82,8.76,1.1266666666666665,3.79,0.07
0.48481629010226435,10.485714285714286,97.57142857142856,12.727272727272728,1.3,17.5,40.0,0.8300000000000001,4.351612903225806,11.661290322580646,7.22258064516129,0.7258064516129032,0.9870967741935484,0.07
0.4813519462512512,12.185714285714283,111.57142857142856,10.5,1.625,17.5,15.0,0.5125,4.756666666666666,11.01,8.556666666666667,0.4866666666666666,1.0833333333333333,0.07
0.8655,11.142857142857142,93.28571428571428,8.157142857142857,1.45,98.72276332507619,300.63103385254925,0.5,6.706451612903226,7.925806451612903,4.1,2.6,2.364516129032258,0.07
0.48519835226986124,11.442857142857145,93.85714285714286,6.657142857142858,2.75,97.18464013310853,294.77697101987417,0.5,4.775,6.346428571428571,5.1571428571428575,2.275,1.4035714285714285,0.07
0.0,10.571428571428571,84.0,4.9,2.55,103.19373672820434,318.97135541897853,0.5,5.432258064516129,3.838709677419355,1.8387096774193548,2.329032258064516,1.467741935483871,0.07
0.6249,9.5,85.66666666666667,8.133333333333333,0.7,104.12625947886804,322.1844112536548,0.5,5.612903225806452,6.548387096774194,1.5225806451612904,2.803225806451613,2.364516129032258,0.07
0.4856573987130734,10.725,93.375,8.524999999999999,1.5666666666666669,98.34242751238645,299.1003455106979,0.5,5.1,6.96,3.02,1.2433333333333332,0.7433333333333334,0.07
0.8221,8.275,79.875,13.3,1.3,112.24663114701349,354.009655348293,0.5,4.380645161290323,12.496774193548386,5.558064516129033,1.132258064516129,1.2741935483870968,0.07
0.5089448123314748,7.85,78.375,16.67142857142857,1.0111111111111113,1105.8333333333333,1391.6666666666667,0.8076923076923078,4.36,15.2,6.06,1.26,3.393333333333333,0.07
0.5407777777777778,8.225,86.875,19.616666666666664,1.0,70.0,430.0,2.7071428571428577,4.048387096774194,18.693548387096776,6.706451612903226,1.261290322580645,2.6225806451612903,0.07
0.5488764705882353,8.0,82.5,19.225,0.9714285714285714,48.75,155.0,2.3600000000000003,3.861290322580645,20.574193548387097,11.061290322580644,0.1129032258064516,0.1225806451612903,0.07
0.4311375,7.8875,79.0,17.225,1.1285714285714286,70.0,150.0,0.9307692307692308,4.55,17.163333333333334,7.33,0.2533333333333333,0.19,0.07
0.6402166666666667,10.025,100.125,16.208333333333332,1.2428571428571429,60.0,87.5,0.823076923076923,3.97741935483871,16.374193548387098,9.370967741935484,0.8064516129032258,1.0516129032258066,0.07
0.48171397086530093,12.15,109.375,10.86,1.0699999999999998,15.0,15.0,0.6363636363636364,4.693333333333333,11.913333333333332,5.676666666666667,1.7133333333333334,2.053333333333333,0.07
0.0,8.966124500753097,78.33211757090781,9.570605274277419,1.3306202541341006,110.74841737993309,347.1828708581401,2.519553119601465,6.046666666666667,8.2,2.3400000000000003,4.29,5.803333333333333,0.29
0.8988,7.67080333875134,74.80746814858703,14.84684809052099,1.1923560786492016,116.25764118983328,370.0525586796465,2.5524438810741144,5.174193548387097,13.429032258064517,3.0870967741935487,3.703225806451613,5.274193548387097,0.29
0.7444000000000001,5.2,54.0,17.6,0.8,135.0907937551565,443.5001415037354,2.58986956453668,3.6966666666666654,18.186666666666667,6.510000000000001,1.1133333333333333,2.123333333333333,0.29
0.6147833333333333,4.2,46.0,19.0,0.9,141.65100939266924,469.6467003522211,2.594363643064831,4.467741935483871,17.796774193548387,6.754838709677419,1.4806451612903226,3.264516129032258,0.29
0.554425,5.1,54.0,18.6,0.8,135.55615692693777,445.30757900049696,2.5943276427399367,5.651612903225806,18.203225806451613,7.061290322580645,1.8806451612903223,3.270967741935484,0.29
0.3117833333333333,7.3,73.0,15.9,0.9,120.45174669335383,385.2762635416548,2.5898738231579017,4.366666666666666,19.273333333333333,11.013333333333332,0.5066666666666666,0.7533333333333333,0.29
0.4588,11.3,107.0,13.5,1.0,91.67890192034952,270.7624236911688,2.5569277243833946,4.199999999999999,13.34516129032258,8.287096774193548,0.7032258064516128,1.216129032258065,0.29
0.46966,10.0,86.0,9.1,0.8,104.79275083269363,323.8088304351872,2.5209975770669546,4.866666666666666,8.886666666666667,6.746666666666667,1.856666666666667,2.19,0.29
0.7351,14.1,106.0,4.2,0.8,87.01982342685899,253.1869951934735,2.4915500315062094,5.874193548387097,7.003225806451613,3.970967741935484,3.458064516129032,3.2516129032258063,0.29
0.4073,6.9,55.0,6.0,0.8,126.32491995476347,410.21980529103075,2.494895062158813,4.789285714285714,6.107142857142857,3.717857142857144,0.975,0.6571428571428571,0.29
0.5561499999999999,7.2,62.0,9.2,0.9,122.21144331251445,393.4067092947599,2.5072383508137364,6.416129032258064,6.006451612903225,1.9096774193548387,3.158064516129032,3.929032258064516,0.29
0.6115,5.4,44.0,7.0,0.6,134.60072846745223,443.26266751547655,2.4916999056727436,4.867741935483871,4.241935483870968,2.238709677419355,2.661290322580645,2.441935483870968,0.29
0.5011666666666666,2.1,20.0,13.1,0.8,156.59075963551464,530.3578649208198,2.5340315860024187,5.366666666666666,8.83,3.143333333333333,3.0133333333333336,3.65,0.29
0.430925,3.8,36.0,13.2,1.0,145.75675909816317,486.78595154534355,2.552449615837288,4.464516129032258,13.45483870967742,4.761290322580645,1.164516129032258,1.8193548387096767,0.29
0.64307,5.3,56.0,18.2,1.0,133.1129464243852,435.70916743254674,2.5832126277716476,3.4833333333333334,15.413333333333332,6.36,2.4566666666666666,5.263333333333334,0.29
0.4990571428571428,4.3,49.0,21.9,0.5,141.09245800893092,467.1039207959401,2.61662291587358,3.52258064516129,20.29032258064516,8.925806451612903,0.2741935483870967,1.425806451612903,0.29
0.37288,3.7,40.0,20.2,1.0,146.83128963167923,490.2940879571388,2.602953088611435,3.97741935483871,18.751612903225805,8.470967741935485,0.5870967741935483,1.135483870967742,0.29
0.516825,8.6,87.0,15.7,1.0,109.07509287007615,339.88857113789095,2.5810141170848526,4.153333333333333,17.063333333333333,9.636666666666668,1.1133333333333333,2.52,0.29
0.5560999999999999,5.7,55.0,13.6,0.6,131.71335971322225,430.7408089663799,2.5591673167200684,4.280645161290322,13.98709677419355,8.319354838709677,0.732258064516129,1.6483870967741936,0.29
0.4295,8.9,78.0,8.7,1.0,111.0242696521597,348.75041060013365,2.5224187271990086,5.423333333333333,9.663333333333332,7.643333333333333,1.1900000000000002,1.356666666666667,0.29
0.5839714285714285,9.8,75.0,4.7,0.8,111.24045787874012,350.13328183846255,2.4991880826381014,4.112903225806452,7.745161290322581,8.438709677419356,0.767741935483871,0.7290322580645162,0.29
0.4853333333333333,9.4,74.0,5.2,1.0,111.96950730701009,352.861584491742,2.4950719325644677,8.289285714285715,6.889285714285714,4.121428571428572,2.8714285714285714,3.657142857142857,0.29
0.4356666666666666,5.2,43.0,7.2,1.0,135.7437446058876,447.70497828005966,2.4965680255035547,5.17741935483871,5.603225806451612,1.6838709677419357,1.4096774193548387,1.441935483870968,0.29
0.4215,5.5,48.0,7.0,1.0,131.9282592481435,432.4420689308147,2.4961584917480444,4.819354838709677,5.612903225806452,1.467741935483871,2.641935483870968,1.941935483870968,0.29
0.31156,3.4,60.0,10.5,1.0,125.10298387016081,404.665434385253,2.5218284452893505,3.95,7.83,2.006666666666667,2.52,2.563333333333333,0.29
0.7964,2.7,26.0,14.0,1.0,153.36538492679094,517.1619205692755,2.550238707666274,4.987096774193549,11.996774193548386,3.6,2.725806451612903,4.648387096774194,0.29
0.5139,4.7,49.0,18.3,1.1,138.46738019282515,457.0734024846224,2.585324678217715,3.72,16.516666666666666,6.13,0.3266666666666667,0.4866666666666666,0.29
0.5395615384615385,4.3,41.0,17.9,1.0,144.71140271281294,481.9741482637379,2.5856658562307615,4.490322580645161,17.080645161290324,5.409677419354838,0.8870967741935484,2.980645161290323,0.29
0.5072470588235295,4.7,48.0,18.3,0.6,139.81538565437847,462.34829857531196,2.591604374833312,4.041935483870968,17.990322580645163,6.432258064516129,0.6580645161290323,1.9580645161290324,0.29
0.3878,9.8,105.0,18.7,1.0,96.63703100361634,289.7820284304984,2.5962724275723312,3.503333333333333,17.80666666666667,8.446666666666667,1.34,3.54,0.29
0.6417285714285714,8.6,77.0,11.2,1.0,113.19650081832552,357.0477318268102,2.5383208817156335,4.948387096774193,11.167741935483871,6.783870967741936,2.170967741935484,3.2483870967741937,0.29
0.4138307692307693,11.7,106.0,11.4,1.0,89.57960172797563,263.00055178067294,2.52269170414739,4.666666666666667,6.6866666666666665,7.223333333333333,1.3233333333333337,1.3533333333333333,0.29
0.4215,14.8,119.0,6.9,0.4,77.78353862236321,216.11584601796457,2.501199145602277,5.122580645161291,6.516129032258065,4.532258064516129,1.5806451612903225,1.1548387096774193,0.29
0.8205,9.5,70.0,2.2,1.0,112.98646049263019,357.385615883326,2.4727844741692024,5.15,4.175,4.317857142857143,2.314285714285714,1.6821428571428572,0.29
0.49565,6.8,52.0,4.0,0.9,127.19221034170903,413.9409457388137,2.4765307095788205,5.103225806451612,3.541935483870968,1.974193548387097,2.696774193548387,2.490322580645161,0.29
0.183475,7.1,59.0,6.6,1.0,123.472892804392,398.6626339858245,2.495233952809183,4.861290322580645,5.609677419354839,1.564516129032258,3.525806451612904,3.861290322580645,0.29
0.5132,6.2,61.0,13.6,0.6,125.39618609947148,405.5923174299585,2.5373675829330566,4.786666666666666,9.123333333333331,2.9133333333333336,1.586666666666667,1.7466666666666666,0.29
0.7139,5.3,54.0,15.4,1.0,132.2173246290808,432.49585507137,2.5535193308448916,5.470967741935484,11.506451612903223,2.454838709677419,2.629032258064516,3.8741935483870966,0.29
0.4659,5.3,53.0,16.6,1.0,134.7410390691623,442.36791557809477,2.5762205212856406,4.023333333333333,15.62,6.3533333333333335,1.6866666666666668,2.8800000000000003,0.29
0.3227,3.7,40.0,18.8,0.8,147.0010910213405,490.8878605026679,2.6038528089908066,4.383870967741935,20.548387096774192,7.509677419354839,1.1806451612903226,2.5612903225806454,0.29
0.50044,2.3,25.0,18.6,0.9,157.22704713079577,532.0412955440013,2.588902086474147,4.709677419354839,17.009677419354837,7.090322580645162,2.161290322580645,2.0451612903225804,0.29
0.5213866666666667,9.7,104.0,19.4,1.1,97.4129124905701,292.8580880447791,2.596283634632021,4.489999999999999,17.293333333333333,7.956666666666666,1.4333333333333331,2.996666666666667,0.29
0.4342571428571428,9.4,89.0,13.6,1.0,105.49201162012804,326.11726800659136,2.5580216751492246,4.535483870967742,13.248387096774191,10.806451612903226,0.2935483870967741,0.3225806451612903,0.29
0.9589,10.3,97.0,12.1,1.0,98.11613588771705,296.82705794502937,2.542757933261305,4.3933333333333335,11.046666666666663,8.97,0.5700000000000001,0.3966666666666666,0.29
0.2790375,9.0,75.0,5.9,0.8,111.45233197744862,350.8436622549846,2.4996540588779297,6.238709677419355,6.890322580645161,6.370967741935484,1.667741935483871,1.558064516129032,0.29
0.330225,6.3,50.0,5.2,1.0,130.48208132474636,426.75719606528594,2.495324131655707,8.63448275862069,7.162068965517242,2.648275862068965,3.3241379310344827,4.76551724137931,0.29
0.5659833333333334,5.8,45.0,5.3,1.2,133.83361348943924,440.1480929925642,2.4917916945261616,5.961290322580646,6.558064516129033,1.3806451612903226,1.993548387096774,1.5096774193548386,0.29
0.540475,5.7,49.0,6.9,0.8,131.35226515494497,430.1691471433632,2.498326348813422,5.548387096774194,6.080645161290323,2.6,2.4064516129032256,2.335483870967742,0.29
0.5022666666666668,2.9,26.0,9.9,1.0,150.22090929935177,505.26806155767395,2.5128738787307734,4.34,6.6433333333333335,2.313333333333333,2.9833333333333334,3.956666666666666,0.29
0.5256333333333334,2.5,25.0,14.4,1.0,154.12317919799284,520.1711548003768,2.5500821211739577,4.945161290322581,11.612903225806452,3.238709677419355,3.0806451612903225,4.380645161290323,0.29
0.6118923076923077,7.5,76.0,15.4,0.9,116.65490285009156,370.1471093424295,2.56965959553639,4.743333333333334,15.169999999999998,5.4,2.18,3.23,0.29
0.382185,3.8,41.0,18.8,0.8,145.66110877956103,485.68434425970315,2.597323026141951,4.596774193548387,18.82258064516129,7.767741935483872,1.0903225806451613,1.8,0.29
0.4863758620689655,4.3,48.0,21.1,1.1,141.01533668179042,466.95474326156364,2.606352861738233,3.8806451612903214,18.65806451612903,8.125806451612904,0.8967741935483872,1.3870967741935485,0.29
0.5425208333333333,10.0,108.0,18.5,1.0,94.33157385802194,280.6004972235555,2.5957536626080713,4.496666666666667,17.82,8.76,1.1266666666666665,3.79,0.29
0.4625315789473684,8.7,80.0,11.4,1.0,111.00283529861545,348.2649211758607,2.540745711620194,4.351612903225806,11.661290322580646,7.22258064516129,0.7258064516129032,0.9870967741935484,0.29
0.6565428571428572,7.0,63.0,10.1,0.8,123.42900928776872,398.16113112348773,2.533767489615119,4.756666666666666,11.01,8.556666666666667,0.4866666666666666,1.0833333333333333,0.29
0.5103285714285715,9.7,83.0,7.7,0.8,106.23237911999007,329.63410821488645,2.5094648425236317,6.706451612903226,7.925806451612903,4.1,2.6,2.364516129032258,0.29
0.6551600000000001,4.2,31.0,3.0,1.2,143.8971852728913,480.75049477834204,2.484641790942754,4.775,6.346428571428571,5.1571428571428575,2.275,1.4035714285714285,0.29
0.2983,5.7,47.0,6.4,0.6,131.90387898478673,432.55723281995347,2.487052956174873,5.432258064516129,3.838709677419355,1.8387096774193548,2.329032258064516,1.467741935483871,0.29
0.6649333333333334,3.6,31.0,9.0,1.0,145.91653028624344,488.1336219366648,2.5073759556371256,5.612903225806452,6.548387096774194,1.5225806451612904,2.803225806451613,2.364516129032258,0.29
0.6515333333333334,1.8,16.0,7.6,1.0,157.0193516910371,532.6854062245136,2.503797081173327,5.1,6.96,3.02,1.2433333333333332,0.7433333333333334,0.29
0.40184,4.0,35.0,12.1,1.0,145.82195887444908,487.25630009866563,2.5446548937049744,4.380645161290323,12.496774193548386,5.558064516129033,1.132258064516129,1.2741935483870968,0.29
0.7887000000000001,3.1,33.0,18.5,0.9,150.81442296086857,507.6173712975048,0.5,4.36,15.2,6.06,1.26,3.393333333333333,0.29
0.39325,4.9,56.0,22.5,1.0,135.70469943353046,446.6568874609946,0.5,4.048387096774194,18.693548387096776,6.706451612903226,1.261290322580645,2.6225806451612903,0.29
0.5143111111111112,4.4,49.0,20.5,1.0,140.97679789114122,467.99998626479334,0.5,3.861290322580645,20.574193548387097,11.061290322580644,0.1129032258064516,0.1225806451612903,0.29
0.45845,4.0,45.0,20.8,1.0,142.89695756977784,475.7289498047526,0.5,4.55,17.163333333333334,7.33,0.2533333333333333,0.19,0.29
0.4215588235294117,5.6,51.0,10.6,1.0,134.53547879440575,442.4106575448766,2.1,3.97741935483871,16.374193548387098,9.370967741935484,0.8064516129032258,1.0516129032258066,0.29
0.58023,13.8,133.0,13.1,0.3,71.53909053198606,191.28271366306842,0.5,4.693333333333333,11.913333333333332,5.676666666666667,1.7133333333333334,2.053333333333333,0.29
0.4996,19.5,149.0,3.0,0.9,52.79614559968858,116.70261702721851,2.4780189554761147,5.338709677419355,4.670967741935484,4.445161290322581,2.009677419354839,1.367741935483871,0.29
0.6156,5.3,43.0,5.5,1.0,133.8947271025756,441.00484366387354,2.4756423968138854,5.257142857142857,1.082142857142857,5.825,0.9892857142857142,0.5928571428571427,0.29
0.3182,5.4,44.0,6.2,0.7,134.70634300708784,443.6327324755802,2.492350438847315,6.467741935483871,5.551612903225807,1.5225806451612904,2.293548387096774,2.3483870967741933,0.29
0.4995840267299977,3.2,26.0,5.6,1.0,148.25494005868543,497.82512285296957,2.488537339986358,5.806451612903226,5.119354838709677,1.0483870967741935,3.8225806451612905,3.909677419354839,0.29
0.3153,0.1,1.0,10.9,1.1,169.901365788379,583.7923901968137,2.5196136306491006,4.6,7.676666666666667,2.1566666666666667,2.716666666666667,2.703333333333333,0.29
0.4849428571428572,1.4,14.0,15.2,0.8,163.26693283004153,556.5618458187132,2.5593790897070234,6.02258064516129,13.52258064516129,3.532258064516129,1.867741935483871,2.4838709677419355,0.29
0.4043,1.2,13.0,17.4,1.0,165.24380627453178,564.2520709929374,2.573520078297589,4.28,14.266666666666667,4.95,2.3633333333333337,5.446666666666667,0.29
0.4072727272727273,2.2,24.0,19.7,0.8,158.52542496131744,537.0353778926151,2.595147302985668,3.916129032258065,17.538709677419355,6.054838709677419,1.5258064516129033,3.064516129032258,0.29
0.6645833333333333,4.2,45.0,18.7,1.0,142.39177681776093,472.6099310570126,2.593876446688495,4.312903225806451,17.95483870967742,6.680645161290323,1.7032258064516128,3.954838709677419,0.29
0.3171111111111111,4.6,49.0,19.6,1.0,139.5386969307395,461.21874306734856,2.597366301286825,5.0600000000000005,17.976666666666667,7.83,1.0066666666666666,1.6866666666666668,0.29
0.49124124484288406,9.2,87.0,12.8,1.0,107.16037073474395,332.57436777009724,2.5587760274964007,4.241935483870968,14.82258064516129,7.787096774193548,0.8,1.035483870967742,0.29
0.6908,10.6,96.0,11.7,0.7,97.93681943655741,296.20780161883533,2.5311194700545014,4.456666666666666,8.743333333333334,6.803333333333333,0.95,1.06,0.29
0.1779,7.3,61.0,6.2,1.0,122.7663071567031,395.89243085072053,2.5068874222483393,5.209677419354839,8.59032258064516,5.980645161290322,1.4451612903225806,1.429032258064516,0.29
0.4961445796751841,5.5,41.0,5.0,0.6,136.35599402578765,450.41306481762723,2.4852543201315545,5.7821428571428575,4.846428571428571,2.2392857142857143,2.5142857142857147,2.157142857142857,0.29
0.4404,5.8,45.0,4.4,1.0,132.15809026395277,433.9378279810852,2.472736367745073,4.051612903225807,1.870967741935484,3.05483870967742,1.4129032258064516,1.7129032258064516,0.29
0.5574,0.9,7.0,5.0,0.7,162.40588255121656,554.5091668198098,2.485846997388918,4.387096774193548,5.112903225806452,1.9387096774193548,0.8967741935483872,0.5612903225806452,0.29
0.3403,2.6,24.0,11.8,1.1,153.52133851748096,518.1535542441118,2.5355131244329074,3.770967741935484,10.403225806451612,4.619354838709677,1.1903225806451614,2.2516129032258063,0.29
0.50455032617845,3.4,38.0,20.2,1.0,147.98718840486742,494.89169326632566,2.5984302725025317,3.683333333333333,17.91,6.6433333333333335,0.4033333333333333,0.63,0.29
0.6700333333333334,1.6,18.0,18.7,1.0,163.125999409196,555.5378200434732,2.5947801701346993,4.567741935483871,18.151612903225807,7.754838709677419,1.6354838709677415,4.3,0.29
0.51865,6.2,66.0,18.5,1.0,125.85688737075102,406.599094092539,2.5881767282129715,3.88,16.529999999999998,6.193333333333333,2.1266666666666665,4.17,0.29
0.128,2.4,25.0,17.2,1.0,156.056416427446,528.7382487757841,0.5,4.5,13.746666666666666,5.206666666666666,2.22,4.343333333333333,0.29
0.908,6.4,72.0,21.1,0.8,122.87621933149397,395.0675254670216,1.4,5.32258064516129,18.25483870967742,7.474193548387096,1.670967741935484,3.07741935483871,0.29
-0.5106,3.1,31.0,15.0,1.0,150.9925858307542,508.2885069352292,1.3,4.746666666666667,15.44,7.680000000000001,0.3899999999999999,0.3133333333333333,0.29
0.0,6.98000301044034,75.86069656849638,19.408789132323584,1.0556321256291819,118.73057990995837,378.7034911295899,2.593242145813816,3.6966666666666654,18.186666666666667,6.510000000000001,1.1133333333333333,2.123333333333333,0.29
0.7799,7.32373733470332,76.3040612943796,18.660673473345362,1.0680246283327568,118.31289007061486,376.9293076237309,2.591565409149645,5.651612903225806,18.203225806451613,7.061290322580645,1.8806451612903223,3.270967741935484,0.29
0.9017,9.216306516228347,79.65649814481918,9.755687966535959,1.2829537163798568,110.1947528878783,344.4953605875698,2.528121489783528,4.866666666666666,8.886666666666667,6.746666666666667,1.856666666666667,2.19,0.29
0.4404,7.8887234614166,75.76029339624225,14.31038599409463,1.1796445467333865,115.34975127539559,366.11551335010336,2.55274404198067,4.464516129032258,13.45483870967742,4.761290322580645,1.164516129032258,1.8193548387096767,0.29
0.49487474872683185,7.409209992146492,75.9612789416483,17.200204989189437,1.1182063436386132,117.2078222382354,372.99901459490326,2.575187261819114,3.4833333333333334,15.413333333333332,6.36,2.4566666666666666,5.263333333333334,0.29
0.875,6.754409726189311,75.43511997275228,21.135836422006875,0.9913257868574945,120.28792582990309,384.9330791265992,2.6085260443626943,3.52258064516129,20.29032258064516,8.925806451612903,0.2741935483870967,1.425806451612903,0.29
0.4934323558175561,8.243840426517307,78.65847946299148,14.730039336223186,1.151545914260837,114.17772247259455,360.04549430366677,2.5661927195756697,4.280645161290322,13.98709677419355,8.319354838709677,0.732258064516129,1.6483870967741936,0.29
0.61025,9.629780723227345,81.48559035480683,8.601504759956153,1.297525910574714,108.3569297419841,336.53115221924577,2.5245322238881887,4.112903225806452,7.745161290322581,8.438709677419356,0.767741935483871,0.7290322580645162,0.29
0.5442,7.135676013373167,73.97882817448193,17.783594010698486,1.0903151211330644,118.8377861566233,380.31959604817223,2.5769712142563757,4.490322580645161,17.080645161290324,5.409677419354838,0.8870967741935484,2.980645161290323,0.29
0.9022,7.180608177385846,76.07854855737055,19.078904688920257,1.0519103507217933,118.53107325877015,377.96170332282855,2.592895586027473,3.503333333333333,17.80666666666667,8.446666666666667,1.34,3.54,0.29
0.48901092202242685,9.793506352587022,81.40195581179705,7.515604363365008,1.3328565523741591,107.67630311685627,333.98928665818454,2.515156071700553,4.666666666666667,6.6866666666666665,7.223333333333333,1.3233333333333337,1.3533333333333333,0.29
0.8481,9.50327101467278,78.68723120034876,7.196585500529701,1.3500120508776507,108.90044026475509,340.1914353429727,2.504284662680817,5.122580645161291,6.516129032258065,4.532258064516129,1.5806451612903225,1.1548387096774193,0.29
0.4946517502464116,7.524780401701432,76.35228512255978,16.851432534978294,1.11838053540704,116.76499507005467,371.0788279428051,2.574427924894771,4.023333333333333,15.62,6.3533333333333335,1.6866666666666668,2.8800000000000003,0.29
0.80925,6.639065462488193,74.8098741848518,21.335619048157326,0.9989087677564941,120.8198948184386,387.25274210538294,2.607967970822541,4.383870967741935,20.548387096774192,7.509677419354839,1.1806451612903226,2.5612903225806454,0.29
0.49500799844447035,7.48194092227192,77.7547551417805,18.06657549993197,1.089748063353586,116.84864642492336,370.49251515609575,2.588167779314886,4.709677419354839,17.009677419354837,7.090322580645162,2.161290322580645,2.0451612903225804,0.29
0.48873589751651536,9.919714308049299,81.38210114841374,7.092983848827264,1.3455199149896835,107.57938583264696,333.6064978930882,2.5131698474755644,6.238709677419355,6.890322580645161,6.370967741935484,1.667741935483871,1.558064516129032,0.29
0.49230538173158694,8.110727168282306,75.9717620450131,12.971169744894866,1.2340226851886138,114.29790536590124,361.99076812438545,2.540706026905675,4.945161290322581,11.612903225806452,3.238709677419355,3.0806451612903225,4.380645161290323,0.29
0.5574,7.6121427382313325,76.13019389689633,16.23960819318166,1.1391679387448332,116.51567001360826,370.25048911067796,2.5689444007438507,4.743333333333334,15.169999999999998,5.4,2.18,3.23,0.29
0.663525,7.134519735405862,76.34149784390179,19.498203265551272,1.0415365202963904,118.7173490220143,378.4275688056676,2.5976464289038352,4.596774193548387,18.82258064516129,7.767741935483872,1.0903225806451613,1.8,0.29
0.58895,7.10474368034234,76.57546351166582,19.61476235608532,1.0379669875692223,118.56503378163777,377.71564618382496,2.59839900450435,3.8806451612903214,18.65806451612903,8.125806451612904,0.8967741935483872,1.3870967741935485,0.29
0.47835,7.441494900171313,77.13703406387964,18.586172147613723,1.0605319633917791,117.7910871491236,374.5338122074818,2.593622725740606,4.496666666666667,17.82,8.76,1.1266666666666665,3.79,0.29
0.5106,6.899651200176976,75.12160806157233,19.73051968484626,1.0440418549743926,119.45522406396898,381.9172416932327,2.594796768807414,4.048387096774194,18.693548387096776,6.706451612903226,1.261290322580645,2.6225806451612903,0.29
0.4970476634729049,7.13621464010245,78.69906303834898,21.22063950255969,0.9815201572959171,118.59330475699731,376.574739708767,2.619057962947564,3.861290322580645,20.574193548387097,11.061290322580644,0.1129032258064516,0.1225806451612903,0.29
0.8645,9.508604897134113,76.73571186960558,5.879049341878944,1.3962559571663526,109.1691232919778,342.3297505678145,2.488339133038071,6.467741935483871,5.551612903225807,1.5225806451612904,2.293548387096774,2.3483870967741933,0.29
0.886,7.225,73.5,20.4625,0.82,43.75,252.5,1.2,4.366666666666666,19.273333333333333,11.013333333333332,0.5066666666666666,0.7533333333333333,0.5
0.9798,10.949999999999998,90.16666666666669,7.233333333333334,2.25,99.8579942748721,302.72574216005546,5.4,5.874193548387097,7.003225806451613,3.970967741935484,3.458064516129032,3.2516129032258063,0.5
0.5719,7.2,66.57142857142857,11.87142857142857,2.433333333333333,120.77620886099973,388.3790295272906,0.5,5.366666666666666,8.83,3.143333333333333,3.0133333333333336,3.65,0.5
0.4868116580484192,11.400000000000002,89.28571428571429,5.657142857142857,2.033333333333333,100.83869036731403,309.49554643206915,0.5666666666666667,4.112903225806452,7.745161290322581,8.438709677419356,0.767741935483871,0.7290322580645162,0.5
0.7418,6.542857142857144,56.0,9.042857142857144,2.4,127.41599643150192,415.17560816853734,0.5,3.95,7.83,2.006666666666667,2.52,2.563333333333333,0.5
0.492766310174653,7.499999999999999,77.0,18.73636363636364,1.1,48.75,110.0,2.5375,4.041935483870968,17.990322580645163,6.432258064516129,0.6580645161290323,1.9580645161290324,0.5
0.6705,7.142857142857143,74.42857142857143,19.363636363636367,0.9428571428571428,21.25,277.5,0.55,3.503333333333333,17.80666666666667,8.446666666666667,1.34,3.54,0.5
0.49747899061789413,8.842857142857143,85.28571428571429,15.407692307692306,1.1555555555555557,250.8333333333333,871.6666666666666,0.8125,4.535483870967742,13.248387096774191,10.806451612903226,0.2935483870967741,0.3225806451612903,0.5
0.7096,5.028571428571429,54.285714285714285,18.73333333333333,0.9375,328.0,1558.0,1.0857142857142856,4.596774193548387,18.82258064516129,7.767741935483872,1.0903225806451613,1.8,0.5
0.5010048196754071,6.200000000000001,65.28571428571429,18.95,0.7625000000000001,100.0,712.0,1.9142857142857144,3.8806451612903214,18.65806451612903,8.125806451612904,0.8967741935483872,1.3870967741935485,0.5
0.7717,8.35,69.16666666666667,6.316666666666666,1.55,116.04833072761821,369.9097083533996,0.82,5.1,6.96,3.02,1.2433333333333332,0.7433333333333334,0.5
0.4935561828947388,7.611417833728025,74.47064676548689,14.959721320402396,1.1895674989173037,116.48526945069736,371.12751526734553,2.5520285361807575,5.174193548387097,13.429032258064517,3.0870967741935487,3.703225806451613,5.274193548387097,0.36
0.0,7.050000000000001,73.5,16.9,1.25,119.9672025109474,383.0998596799733,2.587370447871801,3.6966666666666654,18.186666666666667,6.510000000000001,1.1133333333333333,2.123333333333333,0.36
0.6002799999999999,6.95,79.5,21.6,1.1,116.9972921307347,370.8707346978339,2.6058385326226974,4.467741935483871,17.796774193548387,6.754838709677419,1.4806451612903226,3.264516129032258,0.36
0.2401857142857142,7.3,79.0,19.25,1.05,116.71128729567042,369.91637736341465,2.5975824255684046,5.651612903225806,18.203225806451613,7.061290322580645,1.8806451612903223,3.270967741935484,0.36
0.2345,6.6,73.5,21.35,1.0,121.94885382491032,390.8124189750381,2.612124782778055,4.366666666666666,19.273333333333333,11.013333333333332,0.5066666666666666,0.7533333333333333,0.36
0.1926333333333333,10.0,103.5,17.25,0.9,95.70880768096147,286.555644639508,2.5725238748588706,4.199999999999999,13.34516129032258,8.287096774193548,0.7032258064516128,1.216129032258065,0.36
0.4870657639355652,10.75,95.0,9.9,0.8,98.20384915010175,297.40161981480946,2.5245004922144183,4.866666666666666,8.886666666666667,6.746666666666667,1.856666666666667,2.19,0.36
0.48526823519723905,11.1,99.0,9.9,0.75,94.53738266701986,282.74479873490515,2.5158011477126974,5.874193548387097,7.003225806451613,3.970967741935484,3.458064516129032,3.2516129032258063,0.36
0.48432151527434164,12.05,99.0,7.0,0.95,92.95400288313137,276.7445699572219,2.4992730725444066,4.789285714285714,6.107142857142857,3.717857142857144,0.975,0.6571428571428571,0.36
0.0,12.65,93.5,3.75,0.8500000000000001,96.07503162391001,289.39549940676943,2.484539099348542,6.416129032258064,6.006451612903225,1.9096774193548387,3.158064516129032,3.929032258064516,0.36
0.0,9.45,86.5,11.2,0.85,105.10337826279591,324.6891487595883,2.527395013292815,5.366666666666666,8.83,3.143333333333333,3.0133333333333336,3.65,0.36
0.72165,10.35,97.0,13.05,1.15,99.07108923596995,300.1689879993297,2.552846899933328,4.464516129032258,13.45483870967742,4.761290322580645,1.164516129032258,1.8193548387096767,0.36
0.6363666666666666,7.3,81.5,20.7,1.15,114.52974537991194,361.2099993451996,2.594093856117092,3.4833333333333334,15.413333333333332,6.36,2.4566666666666666,5.263333333333334,0.36
0.31622,7.15,86.5,24.25,1.15,113.32303720555743,355.8920580009584,2.6272162107583164,3.52258064516129,20.29032258064516,8.925806451612903,0.2741935483870967,1.425806451612903,0.36
0.3266142857142857,9.15,104.5,22.1,1.3,98.33012641084869,296.2326170505842,2.6125766642974524,3.97741935483871,18.751612903225805,8.470967741935485,0.5870967741935483,1.135483870967742,0.36
0.1911999999999999,8.95,93.0,17.5,1.05,105.11429169404288,323.90660162256347,2.5884754459667416,4.153333333333333,17.063333333333333,9.636666666666668,1.1133333333333333,2.52,0.36
0.62165,10.2,103.0,16.35,0.8500000000000001,95.996525518407,287.73043004525596,2.5713325911804104,4.280645161290322,13.98709677419355,8.319354838709677,0.732258064516129,1.6483870967741936,0.36
0.3506,11.65,106.0,11.75,0.75,90.6632117861338,267.10367507415043,2.535348603668601,5.423333333333333,9.663333333333332,7.643333333333333,1.1900000000000002,1.356666666666667,0.36
0.4756,12.15,94.5,5.35,0.7,96.51709943305367,291.2265399109236,2.501966131746217,4.112903225806452,7.745161290322581,8.438709677419356,0.767741935483871,0.7290322580645162,0.36
0.4844844342696192,12.15,98.5,7.0,0.7,93.82733745121743,280.1910528890534,2.5027080273559275,8.289285714285715,6.889285714285714,4.121428571428572,2.8714285714285714,3.657142857142857,0.36
0.58185,12.25,94.0,4.800000000000001,1.15,95.75661472188065,288.07253627068127,2.4866766556253497,5.17741935483871,5.603225806451612,1.6838709677419357,1.4096774193548387,1.441935483870968,0.36
0.4404,10.9,92.5,7.5,0.6,98.0094566152978,296.8144150755039,2.498629320625147,4.819354838709677,5.612903225806452,1.467741935483871,2.641935483870968,1.941935483870968,0.36
0.2732,10.0,90.0,10.35,0.7,101.68434061362485,311.1112325771008,2.5194268013382697,3.95,7.83,2.006666666666667,2.52,2.563333333333333,0.36
0.2331666666666666,6.2,65.5,18.6,1.0,125.99286455639502,407.1763307456883,2.587028032846822,3.72,16.516666666666666,6.13,0.3266666666666667,0.4866666666666666,0.36
0.435775,8.05,87.0,19.0,1.3,110.0524679824386,343.31737121010207,2.5915724741784256,4.490322580645161,17.080645161290324,5.409677419354838,0.8870967741935484,2.980645161290323,0.36
0.5972,6.8,71.5,18.25,0.8,121.88288716558156,390.66082934556914,2.592035539913595,4.041935483870968,17.990322580645163,6.432258064516129,0.6580645161290323,1.9580645161290324,0.36
0.5464399999999999,10.1,108.5,18.9,0.8,94.04656130454062,279.40731394221234,2.5972738814417333,3.503333333333333,17.80666666666667,8.446666666666667,1.34,3.54,0.36
0.6712,10.38,92.35,10.6,0.6000000000000001,101.26659819227973,309.4033909670399,2.5362589526894785,4.948387096774193,11.167741935483871,6.783870967741936,2.170967741935484,3.2483870967741937,0.36
0.5994,12.15,97.0,6.25,0.4,94.61331371554992,283.5542933512849,2.5012235565074,4.666666666666667,6.6866666666666665,7.223333333333333,1.3233333333333337,1.3533333333333333,0.36
0.7248,11.4,99.0,8.25,0.25,93.68841362867654,279.56707629850314,2.5072216039331274,5.122580645161291,6.516129032258065,4.532258064516129,1.5806451612903225,1.1548387096774193,0.36
0.4831954885395657,12.85,96.0,3.4000000000000004,0.65,93.19542442972836,278.10289501068496,2.474034856009281,5.103225806451612,3.541935483870968,1.974193548387097,2.696774193548387,2.490322580645161,0.36
0.9106,11.21,92.05,7.05,0.75,98.29321143075371,297.9745547454703,2.497324541221732,4.861290322580645,5.609677419354839,1.564516129032258,3.525806451612904,3.861290322580645,0.36
0.3182,9.2,85.0,12.05,1.05,107.34526852601208,333.34692674114274,2.5402351258388944,5.470967741935484,11.506451612903223,2.454838709677419,2.629032258064516,3.8741935483870966,0.36
0.4923666666666667,8.0,84.0,18.35,1.1,111.6957189934587,350.0924793320026,2.584146587127586,4.023333333333333,15.62,6.3533333333333335,1.6866666666666668,2.8800000000000003,0.36
0.4994699999999999,7.55,93.0,26.1,0.7,109.12416343242394,338.85378294220357,2.6352583945423387,4.383870967741935,20.548387096774192,7.509677419354839,1.1806451612903226,2.5612903225806454,0.36
0.3663599999999999,8.65,93.0,19.5,0.7,105.67519353265492,325.8682120673827,2.5944169627463305,4.709677419354839,17.009677419354837,7.090322580645162,2.161290322580645,2.0451612903225804,0.36
0.3982,8.5,94.5,20.35,0.65,105.0299431045248,323.22460689445995,2.600218664826758,4.489999999999999,17.293333333333333,7.956666666666666,1.4333333333333331,2.996666666666667,0.36
0.491411970588668,8.85,92.0,18.2,0.6499999999999999,104.83567903121433,323.1065350752786,2.577198516607777,4.535483870967742,13.248387096774191,10.806451612903226,0.2935483870967741,0.3225806451612903,0.36
-0.8038,15.95,131.5,7.35,0.65,68.62344904292101,179.5283010640491,2.5057798780836387,6.238709677419355,6.890322580645161,6.370967741935484,1.667741935483871,1.558064516129032,0.36
0.31245,10.8,86.5,4.6,0.7,102.31996482638654,314.2312537761838,2.4932571872418916,8.63448275862069,7.162068965517242,2.648275862068965,3.3241379310344827,4.76551724137931,0.36
0.6477666666666667,12.25,99.5,6.55,0.6,92.52779255720142,274.9273466201791,2.4975266637783893,5.961290322580646,6.558064516129033,1.3806451612903226,1.993548387096774,1.5096774193548386,0.36
-0.0516,11.05,86.0,4.55,1.2999999999999998,102.09333664733562,313.42067718350245,2.4883614701820767,5.548387096774194,6.080645161290323,2.6,2.4064516129032256,2.335483870967742,0.36
0.6972,8.4,78.0,10.3,1.25,110.60174417133334,346.8557080999617,2.5153268648894738,4.34,6.6433333333333335,2.313333333333333,2.9833333333333334,3.956666666666666,0.36
0.36895,7.4,73.5,14.7,0.55,117.20686745124198,372.56127161455595,2.5525061236844686,4.945161290322581,11.612903225806452,3.238709677419355,3.0806451612903225,4.380645161290323,0.36
0.8899,7.45,74.5,15.7,1.2000000000000002,117.87271579201406,374.99638654580923,2.570642257815411,4.743333333333334,15.169999999999998,5.4,2.18,3.23,0.36
0.8016,8.9,102.0,21.6,0.75,100.14260144042156,303.470543451848,2.6106217955313253,4.596774193548387,18.82258064516129,7.767741935483872,1.0903225806451613,1.8,0.36
0.38188,6.1000000000000005,66.5,20.4,0.7,126.68688824562794,409.7249439483724,2.6041692662316542,3.8806451612903214,18.65806451612903,8.125806451612904,0.8967741935483872,1.3870967741935485,0.36
0.4215,7.65,80.5,17.65,0.4,115.02205291229869,363.38526716275067,2.5916965200068782,4.496666666666667,17.82,8.76,1.1266666666666665,3.79,0.36
0.48858561038591625,10.45,91.0,9.3,0.65,101.7106822320486,311.41037526630043,2.5307887047030366,4.756666666666666,11.01,8.556666666666667,0.4866666666666666,1.0833333333333333,0.36
0.0,11.45,99.0,8.05,0.7,94.11563365788477,281.16833323140565,2.5111296745292107,6.706451612903226,7.925806451612903,4.1,2.6,2.364516129032258,0.36
0.1989,13.0,95.0,2.5,0.8,94.56990984740926,283.62777826164836,2.482492955196822,4.775,6.346428571428571,5.1571428571428575,2.275,1.4035714285714285,0.36
0.5859,8.35,67.5,5.9,0.8,116.00167149008976,369.0362160306705,2.485017602314273,5.432258064516129,3.838709677419355,1.8387096774193548,2.329032258064516,1.467741935483871,0.36
0.1289999999999999,10.2,88.0,9.1,0.4,102.33816430746272,313.9190844307527,2.50862321826331,5.612903225806452,6.548387096774194,1.5225806451612904,2.803225806451613,2.364516129032258,0.36
0.7105,13.0,105.0,5.8,0.75,88.18783510748342,257.6934938908833,2.49705699649572,5.1,6.96,3.02,1.2433333333333332,0.7433333333333334,0.36
0.0,6.75,66.5,14.2,0.95,122.51530905315325,393.90677424962826,2.554029880523708,4.380645161290323,12.496774193548386,5.558064516129033,1.132258064516129,1.2741935483870968,0.36
0.4961123890769071,6.9,66.5,14.45,1.5,123.560608195017,397.8695068780922,2.5659366219420003,4.36,15.2,6.06,1.26,3.393333333333333,0.36
0.5458428571428572,6.7,75.0,19.700000000000003,1.2,120.01124349556429,383.0103482395163,2.601104866925398,4.048387096774194,18.693548387096776,6.706451612903226,1.261290322580645,2.6225806451612903,0.36
0.2571142857142857,7.949999999999999,95.0,24.45,0.6,107.03241195925634,330.8207909977073,2.630444256256984,3.861290322580645,20.574193548387097,11.061290322580644,0.1129032258064516,0.1225806451612903,0.36
0.675775,9.4,104.0,20.35,0.85,97.50740804613577,293.1652832866798,2.5983522555049103,4.55,17.163333333333334,7.33,0.2533333333333333,0.19,0.36
0.7050666666666667,6.75,80.0,23.3,0.95,116.73378553260585,369.930455690894,2.6087549942206065,3.97741935483871,16.374193548387098,9.370967741935484,0.8064516129032258,1.0516129032258066,0.36
0.2023,8.7,86.5,14.9,1.5,107.34134518722477,333.23630847766094,2.555238565520794,4.693333333333333,11.913333333333332,5.676666666666667,1.7133333333333334,2.053333333333333,0.36
0.7574,11.95,92.0,3.9,0.525,96.87156054714725,292.7994921174903,2.481830677823031,5.338709677419355,4.670967741935484,4.445161290322581,2.009677419354839,1.367741935483871,0.36
0.5719,16.5,117.0,1.9,0.65,75.7307255334565,208.82722622139235,2.460339305334445,5.257142857142857,1.082142857142857,5.825,0.9892857142857142,0.5928571428571427,0.36
0.3466,8.25,68.0,6.65,0.8,116.46676490289404,370.6878212582792,2.4943204550003513,6.467741935483871,5.551612903225807,1.5225806451612904,2.293548387096774,2.3483870967741933,0.36
0.5292,9.9,78.5,5.1,1.4500000000000002,107.79742738722283,336.1544507666083,2.486493021629129,5.806451612903226,5.119354838709677,1.0483870967741935,3.8225806451612905,3.909677419354839,0.36
0.2144,10.15,92.5,10.8,1.4,99.87937982533077,303.8875615726084,2.5204907919404747,4.6,7.676666666666667,2.1566666666666667,2.716666666666667,2.703333333333333,0.36
0.49068624044371617,8.85,87.5,15.0,1.25,107.05463351612227,331.8613148270941,2.5599748077430045,6.02258064516129,13.52258064516129,3.532258064516129,1.867741935483871,2.4838709677419355,0.36
0.546,8.05,83.0,15.7,0.85,111.27274406439406,348.621811488198,2.5684832073288533,4.28,14.266666666666667,4.95,2.3633333333333337,5.446666666666667,0.36
0.49218001422140234,8.35,93.5,20.2,1.25,105.71594525651356,325.8675445519754,2.59909862670918,3.916129032258065,17.538709677419355,6.054838709677419,1.5258064516129033,3.064516129032258,0.36
0.27065,6.65,76.5,21.6,0.9,119.38900273298124,380.40551620738603,2.606679965389496,4.312903225806451,17.95483870967742,6.680645161290323,1.7032258064516128,3.954838709677419,0.36
0.4982879260620169,6.05,63.5,17.200000000000003,1.2000000000000002,127.67539664979573,413.98741356578984,2.5880444934007816,5.0600000000000005,17.976666666666667,7.83,1.0066666666666666,1.6866666666666668,0.36
0.6369,9.55,90.0,12.95,0.6499999999999999,104.92852141430875,323.6374579281774,2.559554965394704,4.241935483870968,14.82258064516129,7.787096774193548,0.8,1.035483870967742,0.36
0.483233392712681,12.65,97.5,3.6,1.4,92.52811560206615,275.3452544533492,2.479529170532958,5.7821428571428575,4.846428571428571,2.2392857142857143,2.5142857142857147,2.157142857142857,0.36
0.4215,12.15,86.0,1.5499999999999998,1.0,99.62471685976634,304.14335426885003,2.460662649898744,4.051612903225807,1.870967741935484,3.05483870967742,1.4129032258064516,1.7129032258064516,0.36
0.4215,8.9,67.5,3.9,1.2999999999999998,115.57096633350207,367.4011834168033,2.4811593518920354,4.387096774193548,5.112903225806452,1.9387096774193548,0.8967741935483872,0.5612903225806452,0.36
0.4934255992144397,7.95,90.0,21.65,1.45,108.82892523283469,338.2242491460769,2.60566675962412,3.683333333333333,17.91,6.6433333333333335,0.4033333333333333,0.63,0.36
-0.2716,6.8,75.0,20.3,0.75,120.00746653327039,382.974789737722,2.6014448816564304,3.6966666666666654,18.186666666666667,6.510000000000001,1.1133333333333333,2.123333333333333,0.14
0.5501499999999999,6.5,70.0,19.1,0.7,123.53427177058711,397.2016525823422,2.59686407836841,5.651612903225806,18.203225806451613,7.061290322580645,1.8806451612903223,3.270967741935484,0.14
0.7061666666666667,10.0,119.0,24.6,0.8,88.43569056937646,256.5512347085472,2.6270398953476954,4.366666666666666,19.273333333333333,11.013333333333332,0.5066666666666666,0.7533333333333333,0.14
0.2365499999999999,6.7,69.0,16.8,0.8,121.88382357545491,391.23334655461423,2.569887577670194,4.199999999999999,13.34516129032258,8.287096774193548,0.7032258064516128,1.216129032258065,0.14
0.7783,11.8,83.0,0.9,0.6,103.14294996512206,317.87935957677774,2.472924311962084,6.416129032258064,6.006451612903225,1.9096774193548387,3.158064516129032,3.929032258064516,0.14
0.5859,10.5,98.0,12.7,0.8,98.19998552599486,296.71074961834404,2.5515706263822766,4.464516129032258,13.45483870967742,4.761290322580645,1.164516129032258,1.8193548387096767,0.14
0.70595,6.3,66.0,18.4,0.7,125.55593285003204,405.47800529092547,2.584357734387784,3.4833333333333334,15.413333333333332,6.36,2.4566666666666666,5.263333333333334,0.14
0.7968999999999999,7.9,89.0,22.5,0.7,110.79418954479878,345.9249669230641,2.6201324239334585,3.52258064516129,20.29032258064516,8.925806451612903,0.2741935483870967,1.425806451612903,0.14
0.4953094771662633,7.5,82.0,20.3,0.6,114.86858529642016,362.49534604832996,2.6047482432046296,3.97741935483871,18.751612903225805,8.470967741935485,0.5870967741935483,1.135483870967742,0.14
0.65955,8.8,96.0,20.0,0.9,103.7074111666026,318.0707731903481,2.5989206628876285,4.153333333333333,17.063333333333333,9.636666666666668,1.1133333333333333,2.52,0.14
0.4869445288493052,11.7,89.0,4.3,0.8,100.35330598620097,306.64856146633804,2.4975395981101585,4.112903225806452,7.745161290322581,8.438709677419356,0.767741935483871,0.7290322580645162,0.14
0.48926633635348415,8.9,77.0,8.8,0.6,110.28611940046243,345.80277776197255,2.5036600107864984,5.17741935483871,5.603225806451612,1.6838709677419357,1.4096774193548387,1.441935483870968,0.14
0.6326,7.5,58.0,4.6,0.6,123.39212297031371,398.5207780211166,2.486257261807668,4.819354838709677,5.612903225806452,1.467741935483871,2.641935483870968,1.941935483870968,0.14
0.8481,8.2,76.0,12.6,0.5,114.68870487294791,362.6565792532297,2.545617352259044,4.987096774193549,11.996774193548386,3.6,2.725806451612903,4.648387096774194,0.14
0.734,6.9,75.0,18.8,0.6,118.8554453785552,378.61680620340263,2.5884019987359053,3.72,16.516666666666666,6.13,0.3266666666666667,0.4866666666666666,0.14
0.6908,9.4,105.0,20.4,0.6,96.8576238846102,290.4391134980471,2.598179056807907,4.490322580645161,17.080645161290324,5.409677419354838,0.8870967741935484,2.980645161290323,0.14
0.7311,4.1,42.0,16.9,0.5,143.87524087048834,478.80690577390476,2.5847392949768144,4.489999999999999,17.293333333333333,7.956666666666666,1.4333333333333331,2.996666666666667,0.14
0.296,6.6,66.0,15.6,0.8,124.34439008781021,400.8717158216414,2.5701859571747923,4.743333333333334,15.169999999999998,5.4,2.18,3.23,0.14
0.4404,6.766666666666667,70.66666666666667,16.966666666666665,0.9666666666666668,122.16581287997002,391.88121098803776,2.5877085822899533,3.6966666666666654,18.186666666666667,6.510000000000001,1.1133333333333333,2.123333333333333,0.43
0.7506,11.666666666666666,91.33333333333331,4.933333333333333,0.7333333333333334,97.57872653613398,295.4507635722301,2.4833637998213876,4.867741935483871,4.241935483870968,2.238709677419355,2.661290322580645,2.441935483870968,0.43
0.0,9.566666666666666,110.66666666666669,22.76666666666667,1.3999999999999997,93.86245882773724,278.31676732208825,2.6154640112801033,3.97741935483871,18.751612903225805,8.470967741935485,0.5870967741935483,1.135483870967742,0.43
0.4847855918272796,11.766666666666666,109.33333333333331,12.466666666666669,0.9,88.37580220543029,257.89985185529764,2.5383845726202496,5.423333333333333,9.663333333333332,7.643333333333333,1.1900000000000002,1.356666666666667,0.43
0.48457829757506876,12.066666666666665,98.33333333333331,7.233333333333333,0.7999999999999999,94.03592208996292,281.0065008236248,2.503643357442373,8.289285714285715,6.889285714285714,4.121428571428572,2.8714285714285714,3.657142857142857,0.43
0.6369,6.366666666666667,67.66666666666667,18.5,1.0,124.88973251025779,402.66296796566536,2.5929043756062438,4.041935483870968,17.990322580645163,6.432258064516129,0.6580645161290323,1.9580645161290324,0.43
0.4879132406525501,10.6,113.0,18.63333333333333,0.9333333333333332,90.51166436711917,265.2997047679045,2.5962187789273736,3.503333333333333,17.80666666666667,8.446666666666667,1.34,3.54,0.43
0.7845,9.366666666666667,82.0,10.266666666666667,0.9333333333333332,108.11782394158705,336.8069348756292,2.523649423146692,4.786666666666666,9.123333333333331,2.9133333333333336,1.586666666666667,1.7466666666666666,0.43
0.493602901047804,7.866666666666666,83.0,18.5,0.7333333333333334,112.52930781149648,353.40903456551456,2.5848961793771164,4.023333333333333,15.62,6.3533333333333335,1.6866666666666668,2.8800000000000003,0.43
0.3977333333333333,8.1,100.33333333333331,26.23333333333333,0.9333333333333332,103.58360083450253,316.69310487477344,2.6359882921013877,4.383870967741935,20.548387096774192,7.509677419354839,1.1806451612903226,2.5612903225806454,0.43
-0.7783,9.1,99.0,20.133333333333333,1.0,101.30711479313074,308.3566195431654,2.597013227550291,4.709677419354839,17.009677419354837,7.090322580645162,2.161290322580645,2.0451612903225804,0.43
0.2956249999999999,8.266666666666666,91.33333333333331,20.466666666666665,0.8666666666666667,107.46548018851712,332.9559520660857,2.600461138293273,4.489999999999999,17.293333333333333,7.956666666666666,1.4333333333333331,2.996666666666667,0.43
0.5719,9.4,98.33333333333331,18.566666666666663,0.8333333333333334,100.12408191375158,304.24208107174326,2.578793304844137,4.535483870967742,13.248387096774191,10.806451612903226,0.2935483870967741,0.3225806451612903,0.43
0.49321569951020555,7.3,72.66666666666667,14.699999999999998,0.9333333333333332,118.01014434989966,376.4936714947206,1.2,4.945161290322581,11.612903225806452,3.238709677419355,3.0806451612903225,4.380645161290323,0.43
0.4918716763212761,8.533333333333333,84.66666666666667,15.7,1.3333333333333333,110.35057634668725,345.9093728323719,0.7,4.743333333333334,15.169999999999998,5.4,2.18,3.23,0.43
0.59196,8.666666666666666,99.0,21.73333333333333,1.0,102.10860486601469,309.95533066364027,5.2,4.596774193548387,18.82258064516129,7.767741935483872,1.0903225806451613,1.8,0.43
0.1742,7.166666666666667,78.33333333333333,20.566666666666663,1.133333333333333,117.52511545293856,372.414791057187,3.9,3.8806451612903214,18.65806451612903,8.125806451612904,0.8967741935483872,1.3870967741935485,0.43
0.39335,7.399999999999999,78.66666666666667,18.000000000000004,0.7999999999999999,116.6878461973836,370.6520886192774,1.4,4.496666666666667,17.82,8.76,1.1266666666666665,3.79,0.43
0.48704594130955614,11.066666666666668,97.0,9.566666666666666,1.1,97.38224569690182,294.77572687478414,1.2,4.756666666666666,11.01,8.556666666666667,0.4866666666666666,1.0833333333333333,0.43
0.1779,10.966666666666669,95.0,8.033333333333333,0.8333333333333334,97.3945674487932,295.1104998903028,0.9,6.706451612903226,7.925806451612903,4.1,2.6,2.364516129032258,0.43
0.4893536233029835,9.0,73.0,5.933333333333334,0.7999999999999999,111.54000504047265,350.19439394043246,4.4,5.432258064516129,3.838709677419355,1.8387096774193548,2.329032258064516,1.467741935483871,0.43
0.4936780537693966,7.333333333333333,71.66666666666667,14.133333333333333,0.9666666666666668,118.80304127251424,380.10644418126526,0.6,4.380645161290323,12.496774193548386,5.558064516129033,1.132258064516129,1.2741935483870968,0.43
-0.2732,7.6,73.66666666666667,14.666666666666666,1.3333333333333333,118.44676774945259,378.4999817952969,0.5,4.36,15.2,6.06,1.26,3.393333333333333,0.43
0.765,7.233333333333333,86.66666666666667,24.433333333333334,0.5666666666666668,107.30544270905679,308.45945751251963,47.3,3.861290322580645,20.574193548387097,11.061290322580644,0.1129032258064516,0.1225806451612903,0.43
0.7178,9.766666666666666,107.66666666666669,20.33333333333333,0.7333333333333334,94.21196752469145,278.0310953207621,6.3,4.55,17.163333333333334,7.33,0.2533333333333333,0.19,0.43
0.493005519441157,7.8,92.0,23.2,1.2,107.75512598954315,334.83342788116147,1.1,3.97741935483871,16.374193548387098,9.370967741935484,0.8064516129032258,1.0516129032258066,0.43
0.49002534518732793,9.033333333333331,90.0,15.133333333333333,1.0,104.83525966103271,323.4271481643633,2.1,4.693333333333333,11.913333333333332,5.676666666666667,1.7133333333333334,2.053333333333333,0.43
0.49614543035835756,7.6,84.0,20.0,0.8666666666666666,111.6021654362916,344.4270988208167,12.1,3.916129032258065,17.538709677419355,6.054838709677419,1.5258064516129033,3.064516129032258,0.43
0.6108,4.5,48.0,19.3,0.6000000000000001,140.24899672301805,463.98067853194954,2.5966634821583447,3.6966666666666654,18.186666666666667,6.510000000000001,1.1133333333333333,2.123333333333333,0.21
0.0,3.3,35.0,19.8,0.55,150.45065608969935,504.75472897600196,2.598692429783428,5.651612903225806,18.203225806451613,7.061290322580645,1.8806451612903223,3.270967741935484,0.21
0.5219,5.6,57.0,16.9,0.5,133.0248789659521,435.4538979057855,2.5937477966585356,4.366666666666666,19.273333333333333,11.013333333333332,0.5066666666666666,0.7533333333333333,0.21
0.4753,9.4,92.5,15.25,0.85,103.3875273383907,317.4206663536201,2.56396954610166,4.199999999999999,13.34516129032258,8.287096774193548,0.7032258064516128,1.216129032258065,0.21
0.5719,10.0,86.0,9.1,0.8,104.79232174175733,323.80657960760846,2.5210014172796487,4.866666666666666,8.886666666666667,6.746666666666667,1.856666666666667,2.19,0.21
0.8155,6.9,55.0,6.0,0.8,126.32498132885897,410.2192917531163,2.494912794838366,4.789285714285714,6.107142857142857,3.717857142857144,0.975,0.6571428571428571,0.21
0.5423,3.8,36.0,13.2,1.0,145.75634465096488,486.78375258775145,2.5524538708351985,4.464516129032258,13.45483870967742,4.761290322580645,1.164516129032258,1.8193548387096767,0.21
0.49954712746502433,5.3,56.0,18.2,1.0,133.11212322272897,435.7055209074355,2.5832053064292504,3.4833333333333334,15.413333333333332,6.36,2.4566666666666666,5.263333333333334,0.21
0.5034828809485874,4.3,49.0,21.9,0.5,141.09187190100837,467.1011142362569,2.6166223110494014,3.52258064516129,20.29032258064516,8.925806451612903,0.2741935483870967,1.425806451612903,0.21
0.5045454926094015,3.7,40.0,20.2,1.0,146.83090746085597,490.2920038355039,2.602958260767415,3.97741935483871,18.751612903225805,8.470967741935485,0.5870967741935483,1.135483870967742,0.21
0.6249,3.4,60.0,10.5,1.0,125.10289318021883,404.66438221713344,2.5218418707411416,3.95,7.83,2.006666666666667,2.52,2.563333333333333,0.21
0.5018893884397637,4.7,48.0,18.3,0.6,139.81478389000412,462.345436504062,2.5916033262881566,4.041935483870968,17.990322580645163,6.432258064516129,0.6580645161290323,1.9580645161290324,0.21
0.8481,3.7,40.0,18.8,0.8,147.00134027130775,490.88801244504054,2.6038758632716013,4.383870967741935,20.548387096774192,7.509677419354839,1.1806451612903226,2.5612903225806454,0.21
-0.8149,5.533333333333334,58.333333333333336,18.160000000000004,1.3,31.25,322.5,1.3,4.467741935483871,17.796774193548387,6.754838709677419,1.4806451612903226,3.264516129032258,0.5
0.6804,7.225,73.5,20.4625,0.82,43.75,252.5,1.2,4.366666666666666,19.273333333333333,11.013333333333332,0.5066666666666666,0.7533333333333333,0.5
0.49293556588926474,7.2,66.57142857142857,11.87142857142857,2.433333333333333,120.77608182379744,388.37857737399355,0.5,5.366666666666666,8.83,3.143333333333333,3.0133333333333336,3.65,0.5
0.0,4.514285714285714,47.85714285714285,17.10909090909091,1.3428571428571427,47.5,140.0,3.7,3.4833333333333334,15.413333333333332,6.36,2.4566666666666666,5.263333333333334,0.5
0.49590052358266135,6.728571428571429,66.57142857142857,16.41818181818182,1.0,96.25,320.0,1.875,4.490322580645161,17.080645161290324,5.409677419354838,0.8870967741935484,2.980645161290323,0.5
0.8442,7.142857142857143,74.42857142857143,19.363636363636367,0.9428571428571428,21.25,277.5,0.55,3.503333333333333,17.80666666666667,8.446666666666667,1.34,3.54,0.5
0.4955940270063275,6.514285714285714,64.57142857142857,16.155555555555555,1.14,32.5,310.0,2.257142857142857,4.023333333333333,15.62,6.3533333333333335,1.6866666666666668,2.8800000000000003,0.5
0.5106,6.351999999999999,71.8,20.633333333333333,0.8,295.0,1386.25,8.690000000000001,4.383870967741935,20.548387096774192,7.509677419354839,1.1806451612903226,2.5612903225806454,0.5
0.49747899061789413,8.842857142857143,85.28571428571429,15.407692307692306,1.1555555555555557,250.8333333333333,871.6666666666666,0.8125,4.535483870967742,13.248387096774191,10.806451612903226,0.2935483870967741,0.3225806451612903,0.5
0.4851353288161728,10.87142857142857,98.14285714285714,11.622222222222224,0.92,17.5,110.0,0.8624999999999999,4.3933333333333335,11.046666666666663,8.97,0.5700000000000001,0.3966666666666666,0.5
0.48867613244118335,8.733333333333333,82.33333333333333,13.830000000000002,0.8833333333333333,26.25,115.0,0.7857142857142857,4.351612903225806,11.661290322580646,7.22258064516129,0.7258064516129032,0.9870967741935484,0.5
