Sentiment_Score_median,INTTNLETRCCN_nKVE/dl_median,E_COLI_nKVE/dl_median,CHLFa_ug/l_blauwalg_median,FG_median,TG_median,SQ_median,DR_median,RH_median,Normalized_Amenities_Score,Status
0.765,50.0,350.0,0.55,4.3,18.2,6.0,0.2,0.1,0.43,0
0.5545014272048411,30.0,195.0,0.5,4.5,19.950000000000003,13.2,0.0,0.0,0.43,0
0.3818,54.82319322832107,196.11964366142087,0.5,4.35,6.65,2.9,0.0,0.0,0.43,0
0.9379,90.96374909914317,392.86699435019824,0.5,4.4,13.7,4.3,0.3,0.2,0.43,0
0.0,180.0,250.0,0.8,3.4,14.45,7.3,1.75,2.8499999999999996,0.43,0
0.0,25.0,250.0,0.75,3.4,19.8,9.0,0.0,0.0,0.43,0
0.6835,60.0,290.0,0.6,4.2,17.4,9.2,0.0,0.0,0.43,0
0.705,80.0,480.0,0.5,4.15,16.799999999999997,10.95,0.0,0.0,0.43,0
0.8642,30.0,290.0,0.5,4.0,14.0,9.0,0.0,0.0,0.43,0
0.5419510911559976,-9.606467736904197,-79.34954813595077,0.5,4.1,8.7,9.8,0.0,0.0,0.43,0
0.1348,129.12279227651248,327.4133522677873,0.5,7.8,6.949999999999999,3.85,2.1,1.5,0.43,0
0.8012,86.50717701322495,316.45374933781164,1.8349536039412926,3.3,8.1,1.45,0.9,0.4,0.43,0
0.08385,17.5,90.0,0.5,3.45,16.45,6.0,0.0,0.0,0.43,0
0.5557257561053409,30.0,270.0,0.5,4.5,17.0,5.6,0.1,0.1,0.43,0
0.765,20.0,110.0,0.6,3.55,17.85,8.149999999999999,0.0,0.0,0.43,0
0.5516101239092954,50.0,310.0,1.9175735317793356,4.4,11.1,5.9,1.2,1.3,0.43,0
0.5417587895860174,47.67663433469754,171.1721569702141,1.3239678972680902,4.2,6.3,3.3,0.0,0.0,0.43,0
0.3404,167.2475514379095,547.0026320997204,2.591502838602775,5.6,11.5,2.4,1.7,2.1,0.43,0
0.2787,100.0,515.0,2.65753102674107,4.55,15.35,5.95,0.0,0.0,0.43,0
0.6597,90.0,420.0,0.5,4.0,20.4,7.5,0.4,0.3,0.43,0
0.5379695871546996,110.0,250.0,0.5,4.7,15.35,5.449999999999999,0.8,0.6499999999999999,0.43,0
0.83205,20.0,270.0,1.4,3.8,18.1,8.4,0.0,0.0,0.43,0
0.5994,208.2598976357327,521.8784646808548,2.3615503580595445,6.0,8.8,2.2,3.65,3.9,0.43,0
0.42755,242.396841424302,650.9555320513279,2.818765945956745,4.8,12.4,2.4,3.4,5.0,0.43,0
0.5994,15.0,180.0,1.3,3.1,17.5,6.15,0.0,0.0,0.43,0
0.8074,140.0,1200.0,1.2,4.3,18.2,6.0,0.2,0.1,0.43,0
0.6407499999999999,30.0,110.0,0.9,5.8,18.0,6.8,0.4,0.3,0.43,0
0.5075000000000001,15.0,110.0,0.5,4.5,19.950000000000003,13.2,0.0,0.0,0.43,0
0.9046,50.0,130.0,1.9,4.3,13.6,8.8,0.0,0.0,0.43,0
0.802,15.0,220.0,0.5,4.55,9.1,6.5,0.2,0.1,0.43,0
0.5164500000000001,106.55046965704489,277.6215323035603,1.60892578987764,5.0,6.7,2.9,2.0,1.3,0.43,0
0.2023,57.43944375030074,213.6936221353451,1.4781327008102254,4.35,6.65,2.9,0.0,0.0,0.43,0
0.9252,153.33292956233345,421.29014849162945,2.088146405258973,6.1,6.3,1.2,2.2,2.2,0.43,0
0.13795,79.21318634659866,209.35433692149132,1.3938173496823236,4.6,4.5,1.8,1.4,0.5,0.43,0
0.6919500000000001,147.2141311601439,457.0958471168748,2.262462582782338,5.65,9.4,2.3499999999999996,1.75,1.85,0.43,0
0.4927,96.11915642182649,425.1741849301191,2.278680497042604,4.4,13.7,4.3,0.3,0.2,0.43,0
0.5719,15.0,560.0,0.5,3.4,14.45,7.3,1.75,2.8499999999999996,0.43,0
0.5859,20.0,230.0,1.0,3.4,19.8,9.0,0.0,0.0,0.43,0
0.4939,15.0,140.0,0.7,4.2,17.4,9.2,0.0,0.0,0.43,0
0.80145,15.0,200.0,0.5,4.15,16.799999999999997,10.95,0.0,0.0,0.43,0
0.5994,30.0,140.0,0.6,4.0,14.0,9.0,0.0,0.0,0.43,0
0.6411500000000001,15.0,90.0,1.0,4.6,9.9,8.2,0.0,0.0,0.43,0
0.5994,-9.874001701252457,-80.65289221541182,0.4147734117049781,4.1,8.7,9.8,0.0,0.0,0.43,0
0.4899,130.15017183730197,347.837551990335,1.8417865450393032,7.8,6.949999999999999,3.85,2.1,1.5,0.43,0
0.5719,75.60197617706065,290.1657954043149,1.751905551552268,5.0,5.5,1.0,0.0,0.0,0.43,0
0.7717,101.69267871428883,329.58244795693753,1.8444046172235242,4.7,5.3,0.2,1.2,0.6,0.43,0
0.7137,86.87305282982311,316.97787920143634,1.8361361343602827,3.3,8.1,1.45,0.9,0.4,0.43,0
0.8225,146.36059067135827,516.5487821416384,2.522211626827622,5.4,11.9,2.7,1.3,1.5,0.43,0
0.6479,30.0,270.0,0.6,3.45,16.45,6.0,0.0,0.0,0.43,0
0.5994,50.0,780.0,1.4,4.5,17.0,5.6,0.1,0.1,0.43,0
0.5719,20.0,140.0,1.0,3.6,17.9,5.3,0.0,0.0,0.43,0
0.5994,15.0,550.0,2.7,3.55,17.85,8.149999999999999,0.0,0.0,0.43,0
0.59265,15.0,250.0,99.8,4.4,11.1,5.9,1.2,1.3,0.43,0
0.59265,130.0,310.0,0.5,4.4,6.85,7.0,0.0,0.0,0.43,0
0.0,49.942009232468514,174.4174876652005,1.331290656834375,4.2,6.3,3.3,0.0,0.0,0.43,0
0.6996,27.756882157843947,63.55542764033294,0.9199170906771743,5.15,5.25,5.2,0.0,0.0,0.43,0
0.5859,80.38864374751384,189.2105913703731,1.3028288279144342,4.8,3.2,1.5,1.4,0.8,0.43,0
0.4215,118.19546569025184,325.08373696569544,1.7771714595059576,4.7,5.5,0.9,2.0,1.3,0.43,0
0.6451,87.0075059390538,345.23263474584326,1.9579106516568983,4.5,8.9,2.3,0.3,0.25,0.43,0
0.4215,166.9084368238968,546.5168385918352,2.590406801837288,5.6,11.5,2.4,1.7,2.1,0.43,0
0.5016,83.71162731776735,402.80322339097165,2.220644418055658,4.55,15.35,5.95,0.0,0.0,0.43,0
0.5988500000000001,104.91576967917575,509.4567456404948,2.6207869201248304,4.0,20.4,7.5,0.4,0.3,0.43,0
0.5497000000000001,97.35691504220179,452.79059996483727,2.3969540413994483,4.2,17.3,6.4,0.3,0.3,0.43,0
0.62775,82.44198074300482,381.7448016423063,2.13607765989961,4.15,17.45,7.85,0.3,0.35,0.43,0
0.4215,7.124707424026306,28.938062880813334,0.8398143269480252,4.5,13.6,11.7,0.0,0.0,0.43,0
0.717,-1.6636109932698648,-16.14017365057638,0.6703509772712322,3.9,11.8,10.75,0.0,0.0,0.43,0
0.0,30.842508923305424,74.0008859403031,0.9573453574932713,5.8,6.8,6.7,0.0,0.0,0.43,0
0.0,193.93315640331434,535.8944398354704,2.46280560718036,9.2,7.6,2.6,2.5,2.7,0.43,0
0.66705,123.45369507619384,426.8492785075163,2.199323651806531,6.2,6.5,0.4,1.0,0.7,0.43,0
0.8126,93.11184667794933,269.6202475952179,1.6133380461085256,5.2,6.2,2.4,1.6,0.7,0.43,0
0.6124,88.7670878581871,288.1396128949921,1.7053657934703366,4.05,6.2,1.4,0.6,0.8,0.43,0
0.1909,147.09765405004802,505.30228916102976,2.47161815987326,4.7,11.8,2.4,1.6,1.5,0.43,0
0.5994,110.75787716742866,454.7296113175777,2.364318612755592,4.7,15.35,5.449999999999999,0.8,0.6499999999999999,0.43,0
0.44015,87.6027461389543,442.6859790696826,2.3833468168437513,4.6,18.5,7.6,0.0,0.0,0.43,0
0.6114,67.39873186663662,354.0918898906569,2.0620042262970886,3.8,18.1,8.4,0.0,0.0,0.43,0
0.5994,54.2066897720584,274.1543400708078,1.7567936921127782,4.25,16.950000000000003,9.4,0.05,0.05,0.43,0
0.5703,43.740505395105174,195.42271851653322,1.444856922374682,4.0,11.9,6.9,0.0,0.0,0.43,0
0.5994,242.84850213366667,654.1018692955871,2.830960930063719,4.8,12.4,2.4,3.4,5.0,0.36,1
0.38585,200.0,390.0,0.55,3.1,17.5,6.15,0.0,0.0,0.36,1
0.5789,25.0,265.0,1.35,4.3,18.2,6.0,0.2,0.1,0.36,1
0.6759,15.0,145.0,0.75,5.8,18.0,6.8,0.4,0.3,0.36,1
0.802,25.0,220.0,1.2,4.5,19.950000000000003,13.2,0.0,0.0,0.36,1
0.0,15.0,60.0,4.15,4.3,13.6,8.8,0.0,0.0,0.36,1
0.5470380162841955,49.779229992144785,227.17460526886225,6.8,4.55,9.1,6.5,0.2,0.1,0.36,1
0.7425,113.85379775747447,343.8347310084617,5.4,5.0,6.7,2.9,2.0,1.3,0.36,1
0.5359451703162463,76.80431877358419,194.19654547575658,0.4,4.6,4.5,1.8,1.4,0.5,0.36,1
0.7269,144.95464990687915,431.41830453390315,0.5,5.65,9.4,2.3499999999999996,1.75,1.85,0.36,1
0.9359,93.05421099148981,405.2062402810184,1.0,4.4,13.7,4.3,0.3,0.2,0.36,1
0.8172,40.0,160.0,0.9,3.4,14.45,7.3,1.75,2.8499999999999996,0.36,1
0.64785,17.5,80.0,0.9,3.4,19.8,9.0,0.0,0.0,0.36,1
0.3953,30.0,205.0,0.9,4.2,17.4,9.2,0.0,0.0,0.36,1
0.5859,17.5,80.0,0.7,4.15,16.799999999999997,10.95,0.0,0.0,0.36,1
0.6361,17.5,20.0,0.5,4.0,14.0,9.0,0.0,0.0,0.36,1
0.4215,77.5,32.5,0.5,4.6,9.9,8.2,0.0,0.0,0.36,1
0.0,-6.208373508861602,-72.2846668917659,0.5,4.1,8.7,9.8,0.0,0.0,0.36,1
0.2294,138.31349973592884,406.32108212740644,5.0,7.8,6.949999999999999,3.85,2.1,1.5,0.36,1
0.5408383217160428,74.51725923251547,273.2369895223831,0.5,5.0,5.5,1.0,0.0,0.0,0.36,1
0.0,103.52880865939372,315.42635044932797,0.5,4.7,5.3,0.2,1.2,0.6,0.36,1
0.2863,35.0,250.0,1.05,3.45,16.45,6.0,0.0,0.0,0.36,1
0.7717,80.0,360.0,1.15,4.5,17.0,5.6,0.1,0.1,0.36,1
0.5032,30.0,80.0,0.8,3.6,17.9,5.3,0.0,0.0,0.36,1
0.5603332383659675,20.0,300.0,0.5,3.55,17.85,8.149999999999999,0.0,0.0,0.36,1
0.6384,20.0,110.0,0.5,4.4,11.1,5.9,1.2,1.3,0.36,1
0.5377054776727899,30.0,15.0,0.5,4.4,6.85,7.0,0.0,0.0,0.36,1
0.7016,46.56189415534984,160.18757600231075,0.5,4.2,6.3,3.3,0.0,0.0,0.36,1
0.75665,27.79296045275982,59.82439629065618,0.5,5.15,5.25,5.2,0.0,0.0,0.36,1
0.3182,81.287880632537,182.75746574056134,0.6,4.8,3.2,1.5,1.4,0.8,0.36,1
0.0,118.88926386963243,311.7139794005423,0.6,4.7,5.5,0.9,2.0,1.3,0.36,1
0.38585,86.6903495446976,327.9029083183054,0.6,4.5,8.9,2.3,0.3,0.25,0.36,1
0.6992499999999999,165.1161175707473,532.4950460316999,1.6,5.6,11.5,2.4,1.7,2.1,0.36,1
0.7964,32.5,310.0,1.6,4.55,15.35,5.95,0.0,0.0,0.36,1
0.5664112982384646,45.0,485.0,1.35,4.0,20.4,7.5,0.4,0.3,0.36,1
0.5513864278828837,25.0,160.0,1.9,4.2,17.3,6.4,0.3,0.3,0.36,1
0.0,40.0,125.0,0.55,4.15,17.45,7.85,0.3,0.35,0.36,1
0.4215,45.0,90.0,0.5,4.5,13.6,11.7,0.0,0.0,0.36,1
0.4754,29.072143408199487,67.2392644380572,0.5,5.8,6.8,6.7,0.0,0.0,0.36,1
0.5994,188.9795301105876,503.6978631316415,0.5,9.2,7.6,2.6,2.5,2.7,0.36,1
0.4593,122.31059241813207,403.5925841611118,0.5,6.2,6.5,0.4,1.0,0.7,0.36,1
0.5368355484079516,93.30001007063541,256.41309226276564,0.5,5.2,6.2,2.4,1.6,0.7,0.36,1
0.0,90.3752580004151,277.0272108699395,0.6,4.05,6.2,1.4,0.6,0.8,0.36,1
0.6124,143.04036894735526,475.61217150769255,0.6,4.7,11.8,2.4,1.6,1.5,0.36,1
0.4927,130.0,840.0,1.8,4.7,15.35,5.449999999999999,0.8,0.6499999999999999,0.36,1
0.4843,30.0,350.0,0.8,4.6,18.5,7.6,0.0,0.0,0.36,1
0.7527,110.0,210.0,1.7,3.8,18.1,8.4,0.0,0.0,0.36,1
0.5719,40.0,205.0,1.6,4.25,16.950000000000003,9.4,0.05,0.05,0.36,1
0.4215,20.0,70.0,0.8,4.0,11.9,6.9,0.0,0.0,0.36,1
0.6387,40.0,47.5,0.5,4.8,10.4,10.5,0.0,0.0,0.36,1
0.764,99.59342576802618,332.4461199175439,0.5,6.5,8.1,3.0,1.0,0.4,0.36,1
0.3703499999999999,19.48318508914393,39.02475190116107,0.5,4.1,7.15,6.35,0.0,0.0,0.36,1
0.5360467871030675,98.00682407591833,278.6717084349055,0.5,5.1,4.6,0.7,1.3,0.7,0.36,1
0.6361,118.57928531007434,368.85775691793106,0.5,5.6,6.5,0.7,1.5,0.8,0.36,1
0.5423587895036996,77.57483575473768,299.1246311352672,0.5,4.75,6.9,1.35,0.0,0.0,0.36,1
0.53235,51.490124903707034,225.1654401294956,0.5,4.2,12.7,6.8,0.0,0.0,0.36,1
0.5502697677999729,30.0,180.0,0.5,4.199999999999999,15.25,6.300000000000001,0.0,0.0,0.36,1
0.5719,20.0,90.0,1.0,4.0,19.0,7.0,0.0,0.0,0.36,1
0.4215,55.0,220.0,0.5,3.3,20.0,11.7,0.0,0.0,0.36,1
0.5244,20.0,50.0,0.65,4.25,17.0,7.25,0.0,0.0,0.36,1
0.8442,15.0,20.0,0.5,3.9,17.8,10.3,0.0,0.0,0.36,1
0.5379820039170952,50.73187762103086,118.44764527982531,0.5,4.6,5.6,4.0,1.0,0.2,0.36,1
0.534377310041202,-6.662396618435935,-131.91325334207755,0.1788815071305262,5.449999999999999,1.5,6.4,0.0,0.0,0.36,1
0.5994,118.02456492624347,341.67585930345285,0.5,6.5,5.2,0.9,1.7,0.8,0.36,1
0.5303187781068432,174.2505691513498,444.1305964508449,2.1240418363938183,5.8,5.3,0.3,2.8,2.8,0.36,1
0.7783,17.5,45.0,0.5,3.7,14.35,4.9,0.75,0.5,0.36,1
0.6249,17.5,75.0,0.5,3.5,17.4,6.6,0.3,0.2,0.36,1
0.5426057566431478,20.0,50.0,0.5,4.45,9.05,7.15,0.35,0.05,0.36,1
0.0,28.539668128891506,21.20489131185893,0.732028830176323,3.8,1.3,2.3,0.3,0.1,0.36,1
0.9398,54.66923150667543,228.89826460193763,0.5,3.8,9.9,4.3,0.0,0.0,0.36,1
0.5288489861351119,200.0,390.0,0.55,3.1,17.5,6.15,0.0,0.0,0.29,1
0.9169,15.0,145.0,0.75,5.8,18.0,6.8,0.4,0.3,0.29,1
0.5569449854856556,25.0,220.0,1.2,4.5,19.950000000000003,13.2,0.0,0.0,0.29,1
0.5470979258463664,15.0,60.0,4.15,4.3,13.6,8.8,0.0,0.0,0.29,1
0.5474583145419916,40.0,160.0,0.9,3.4,14.45,7.3,1.75,2.8499999999999996,0.29,1
0.6361,17.5,80.0,0.9,3.4,19.8,9.0,0.0,0.0,0.29,1
0.4767,30.0,205.0,0.9,4.2,17.4,9.2,0.0,0.0,0.29,1
0.5994,17.5,80.0,0.7,4.15,16.799999999999997,10.95,0.0,0.0,0.29,1
0.5370690624316803,138.17851470580246,408.48246240866354,5.0,7.8,6.949999999999999,3.85,2.1,1.5,0.29,1
0.6369,75.2622052470073,276.61956533324167,0.5,5.0,5.5,1.0,0.0,0.0,0.29,1
0.5537102109423949,35.0,250.0,1.05,3.45,16.45,6.0,0.0,0.0,0.29,1
0.550698470065543,80.0,360.0,1.15,4.5,17.0,5.6,0.1,0.1,0.29,1
0.7351,20.0,300.0,0.5,3.55,17.85,8.149999999999999,0.0,0.0,0.29,1
0.5377047702290555,30.0,15.0,0.5,4.4,6.85,7.0,0.0,0.0,0.29,1
0.5411605529132367,48.373445656590604,165.050402925877,0.5,4.2,6.3,3.3,0.0,0.0,0.29,1
0.0,32.08380489034647,68.128187267204,0.5,5.15,5.25,5.2,0.0,0.0,0.29,1
0.7717,45.0,485.0,1.35,4.0,20.4,7.5,0.4,0.3,0.29,1
0.937,25.0,160.0,1.9,4.2,17.3,6.4,0.3,0.3,0.29,1
0.5427037465774036,45.0,90.0,0.5,4.5,13.6,11.7,0.0,0.0,0.29,1
0.5312681868865217,190.40729193448612,508.02817056120807,0.5,9.2,7.6,2.6,2.5,2.7,0.29,1
0.5378935370099721,110.0,210.0,1.7,3.8,18.1,8.4,0.0,0.0,0.29,1
0.7096,20.0,90.0,1.0,4.0,19.0,7.0,0.0,0.0,0.29,1
-0.6787,132.86287565425144,513.3468169224457,0.5,6.0,13.5,3.3,0.8,0.4,0.29,1
0.5426050491994135,20.0,50.0,0.5,4.45,9.05,7.15,0.35,0.05,0.29,1
0.9059,206.97828691816315,520.0425126442722,2.3574081229347383,6.0,8.8,2.2,3.65,3.9,0.43,0
0.9311,240.29127836775342,647.9392395618625,2.8119606523283727,4.8,12.4,2.4,3.4,5.0,0.43,0
0.553724586932063,40.0,260.0,0.5,3.1,17.5,6.15,0.0,0.0,0.43,0
0.5574,104.28922963915596,258.73670273623003,0.5,5.0,6.7,2.9,2.0,1.3,0.43,0
0.6114,53.86842787780158,194.7945586110817,0.5,4.35,6.65,2.9,0.0,0.0,0.43,0
0.8718,150.61340710796972,395.0760272420255,0.5,6.1,6.3,1.2,2.2,2.2,0.43,0
0.5356897562594101,74.91078329816084,183.548462031784,0.0,4.6,4.5,1.8,1.4,0.5,0.43,0
0.9545,142.86379940959014,426.1678073111965,0.5,5.65,9.4,2.3499999999999996,1.75,1.85,0.43,0
0.5978,70.0,375.0,0.5,4.6,9.9,8.2,0.0,0.0,0.43,0
0.8547,126.12917043052389,323.2586104222334,0.5,7.8,6.949999999999999,3.85,2.1,1.5,0.43,0
0.891,71.9167556112684,267.2791745621455,0.5,5.0,5.5,1.0,0.0,0.0,0.43,0
0.9247,101.05291871498002,328.66596945254224,1.842336878319461,4.7,5.3,0.2,1.2,0.6,0.43,0
0.84325,246.6769990124584,669.9406400408061,2.8878092069540906,4.8,12.4,2.4,3.4,5.0,0.07,1
0.5422591042261715,130.0,310.0,25.0,3.1,17.5,6.15,0.0,0.0,0.07,1
0.5994,65.0,280.0,9.0,4.3,18.2,6.0,0.2,0.1,0.07,1
0.5719,45.0,105.0,3.8,5.8,18.0,6.8,0.4,0.3,0.07,1
0.8122,20.0,140.0,2.55,4.5,19.950000000000003,13.2,0.0,0.0,0.07,1
0.5485456075774361,15.0,97.5,0.5,4.3,13.6,8.8,0.0,0.0,0.07,1
0.5994,110.00007301977007,278.74150485839624,0.5,5.0,6.7,2.9,2.0,1.3,0.07,1
0.532409670096955,157.91024549396434,417.2820324242459,0.5,6.1,6.3,1.2,2.2,2.2,0.07,1
0.0,102.5311066862061,434.4694926101351,1.45,4.4,13.7,4.3,0.3,0.2,0.07,1
0.60395,17.5,205.0,2.05,3.4,19.8,9.0,0.0,0.0,0.07,1
0.8581,72.5,160.0,0.9,4.2,17.4,9.2,0.0,0.0,0.07,1
0.5469231550743676,20.0,50.0,0.7,4.15,16.799999999999997,10.95,0.0,0.0,0.07,1
0.5505922298309145,17.5,140.0,0.5,4.0,14.0,9.0,0.0,0.0,0.07,1
0.5994,133.0763018717192,344.9792130037457,0.5,7.8,6.949999999999999,3.85,2.1,1.5,0.07,1
0.875,89.58045704278098,313.8667764343907,0.5,3.3,8.1,1.45,0.9,0.4,0.07,1
0.5419471593119537,150.62245892789193,513.0959027302572,1.0,5.4,11.9,2.7,1.3,1.5,0.07,1
0.5454327814354308,55.0,170.0,1.05,3.45,16.45,6.0,0.0,0.0,0.07,1
0.3383,45.0,350.0,1.0,4.5,17.0,5.6,0.1,0.1,0.07,1
0.8636,55.0,80.0,1.05,3.6,17.9,5.3,0.0,0.0,0.07,1
0.4404,50.0,460.0,0.5,3.55,17.85,8.149999999999999,0.0,0.0,0.07,1
0.560507016684884,32.5,415.0,0.5,4.4,11.1,5.9,1.2,1.3,0.07,1
0.34,52.80666007546888,178.58471053493267,0.5,4.2,6.3,3.3,0.0,0.0,0.07,1
0.5337866978259683,84.94492690120862,196.14532523276597,0.5,4.8,3.2,1.5,1.4,0.8,0.07,1
0.5994,168.8658112366324,536.795425999708,0.8500000000000001,5.6,11.5,2.4,1.7,2.1,0.07,1
-0.1531,22.5,60.0,0.5,4.2,17.3,6.4,0.3,0.3,0.07,1
0.5462989380856192,17.5,55.0,0.5,4.5,13.6,11.7,0.0,0.0,0.07,1
0.0,128.96163261850268,422.55357239329004,0.5,6.2,6.5,0.4,1.0,0.7,0.07,1
0.5386428512791606,92.68891872426425,288.55064685865386,0.5,4.05,6.2,1.4,0.6,0.8,0.07,1
-0.0258,120.0,125.0,0.9,4.6,18.5,7.6,0.0,0.0,0.07,1
0.5465842569664475,35.0,95.0,1.25,3.8,18.1,8.4,0.0,0.0,0.07,1
0.926,22.5,110.0,0.5,4.25,16.950000000000003,9.4,0.05,0.05,0.07,1
0.8779,17.5,15.0,0.5,4.8,10.4,10.5,0.0,0.0,0.07,1
0.2787,106.3525839958946,351.55716133486504,0.5,6.5,8.1,3.0,1.0,0.4,0.07,1
0.5374701418045776,123.73053488941648,385.73727025522476,0.5,5.6,6.5,0.7,1.5,0.8,0.07,1
0.5422871838519531,82.31622965449932,315.4352940434317,0.5,4.75,6.9,1.35,0.0,0.0,0.07,1
0.5719,75.0,170.0,0.5,4.0,19.0,7.0,0.0,0.0,0.07,1
0.5486375425558097,22.5,85.0,0.5,3.9,17.8,10.3,0.0,0.0,0.07,1
0.5343464766670377,-1.8141217659642415,-114.61360257481357,0.2390258770844929,5.449999999999999,1.5,6.4,0.0,0.0,0.07,1
0.5302879447326789,179.09884400382148,461.4302472181089,2.1841862063477846,5.8,5.3,0.3,2.8,2.8,0.07,1
0.5435972653907545,85.0,220.0,4.7,4.3,18.2,6.5,1.0,1.4,0.07,1
0.7351,80.0,230.0,0.8500000000000001,4.0,14.9,8.7,0.0,0.0,0.07,1
0.6705,130.0,310.0,25.0,3.1,17.5,6.15,0.0,0.0,0.07,1
0.544908377911235,45.0,105.0,3.8,5.8,18.0,6.8,0.4,0.3,0.07,1
0.6124,20.0,140.0,2.55,4.5,19.950000000000003,13.2,0.0,0.0,0.07,1
0.5426714143026206,42.72291179015095,137.78659481808185,0.5,4.55,9.1,6.5,0.2,0.1,0.07,1
0.49435,17.5,205.0,2.05,3.4,19.8,9.0,0.0,0.0,0.07,1
0.6486,72.5,160.0,0.9,4.2,17.4,9.2,0.0,0.0,0.07,1
0.2202,20.0,50.0,0.7,4.15,16.799999999999997,10.95,0.0,0.0,0.07,1
0.5423,17.5,15.0,0.5,4.6,9.9,8.2,0.0,0.0,0.07,1
0.7717,-4.676306071946968,-60.428119848470516,0.5,4.1,8.7,9.8,0.0,0.0,0.07,1
0.46125,55.0,170.0,1.05,3.45,16.45,6.0,0.0,0.0,0.07,1
0.4215,45.0,350.0,1.0,4.5,17.0,5.6,0.1,0.1,0.07,1
0.7003,55.0,80.0,1.05,3.6,17.9,5.3,0.0,0.0,0.07,1
0.5629428651209878,50.0,460.0,0.5,3.55,17.85,8.149999999999999,0.0,0.0,0.07,1
0.3889,32.5,415.0,0.5,4.4,11.1,5.9,1.2,1.3,0.07,1
0.5431981559061588,90.58958230908468,341.6269071032092,0.5,4.5,8.9,2.3,0.3,0.25,0.07,1
0.8807,167.69605734681915,535.1719659619886,0.8500000000000001,5.6,11.5,2.4,1.7,2.1,0.07,1
0.54404645251903,62.5,180.0,2.6,4.55,15.35,5.95,0.0,0.0,0.07,1
0.5095,40.0,260.0,4.25,4.0,20.4,7.5,0.4,0.3,0.07,1
0.7376499999999999,22.5,60.0,0.5,4.2,17.3,6.4,0.3,0.3,0.07,1
0.6908,17.5,100.0,0.5,4.15,17.45,7.85,0.3,0.35,0.07,1
0.08695,17.5,55.0,0.5,4.5,13.6,11.7,0.0,0.0,0.07,1
0.5403702526337534,33.5430376600886,83.17444617944591,0.5,5.8,6.8,6.7,0.0,0.0,0.07,1
0.5325946715107891,197.724608824042,554.1796510957304,2.530271043185903,9.2,7.6,2.6,2.5,2.7,0.07,1
0.49305,126.91134056243285,419.7080445881083,0.5,6.2,6.5,0.4,1.0,0.7,0.07,1
0.536763942756205,98.04140397039703,272.7237551709301,0.5,5.2,6.2,2.4,1.6,0.7,0.07,1
0.5386428512791606,92.68891872426425,288.55064685865386,0.5,4.05,6.2,1.4,0.6,0.8,0.07,1
0.0,150.14050935368425,493.7785924186994,0.5,4.7,11.8,2.4,1.6,1.5,0.07,1
0.4215,110.0,170.0,1.05,4.7,15.35,5.449999999999999,0.8,0.6499999999999999,0.07,1
0.0,120.0,125.0,0.9,4.6,18.5,7.6,0.0,0.0,0.07,1
0.5964,35.0,95.0,1.25,3.8,18.1,8.4,0.0,0.0,0.07,1
0.56045,22.5,110.0,0.5,4.25,16.950000000000003,9.4,0.05,0.05,0.07,1
0.543919846285202,17.5,40.0,0.8500000000000001,4.0,11.9,6.9,0.0,0.0,0.07,1
0.5424232013738768,17.5,15.0,0.5,4.8,10.4,10.5,0.0,0.0,0.07,1
0.8655,103.91244328298157,348.170576371716,0.5,6.5,8.1,3.0,1.0,0.4,0.07,1
0.541157136407256,23.513963828973207,54.349102508802844,0.5,4.1,7.15,6.35,0.0,0.0,0.07,1
0.0,104.97700527442441,298.0756174984449,0.5,5.1,4.6,0.7,1.3,0.7,0.07,1
0.6249,123.36695289037621,385.23263621693434,0.5,5.6,6.5,0.7,1.5,0.8,0.07,1
0.5422871838519531,82.31622965449932,315.4352940434317,0.5,4.75,6.9,1.35,0.0,0.0,0.07,1
0.8221,55.02632631572126,239.80345381046936,0.5,4.2,12.7,6.8,0.0,0.0,0.07,1
0.5601804470935415,150.0,810.0,0.5,4.199999999999999,15.25,6.300000000000001,0.0,0.0,0.07,1
0.6249,75.0,170.0,0.5,4.0,19.0,7.0,0.0,0.0,0.07,1
0.5994,35.0,80.0,1.6,3.3,20.0,11.7,0.0,0.0,0.07,1
0.43095,40.0,145.0,0.5,4.25,17.0,7.25,0.0,0.0,0.07,1
0.64785,22.5,85.0,0.5,3.9,17.8,10.3,0.0,0.0,0.07,1
0.5419963280206808,15.0,15.0,0.5,4.5,11.05,3.9,0.3,0.1,0.07,1
0.5297471646736601,208.55122322693427,522.2959748662747,2.362493472851812,6.0,8.8,2.2,3.65,3.9,0.43,0
0.87505,240.52564796227148,648.2749821773616,2.812718147528195,4.8,12.4,2.4,3.4,5.0,0.43,0
0.89075,180.0,1100.0,4.946774653018531,3.1,17.5,6.15,0.0,0.0,0.43,0
0.0,145.0,350.0,1.8162001980651494,5.8,18.0,6.8,0.4,0.3,0.43,0
0.0,47.5,150.0,1.2439660719667933,4.5,19.950000000000003,13.2,0.0,0.0,0.43,0
0.5632,17.5,75.0,1.0026283351423912,4.3,13.6,8.8,0.0,0.0,0.43,0
0.5994,55.7789947586307,211.31497106282654,1.4727660399030134,4.35,6.65,2.9,0.0,0.0,0.43,0
0.5335833088304879,154.97049186765926,423.63610883307973,2.0934399227579235,6.1,6.3,1.2,2.2,2.2,0.43,0
0.538532566522938,147.85568262555964,458.0149979736308,2.2645370574722117,5.65,9.4,2.3499999999999996,1.75,1.85,0.43,0
0.5494644025167298,95.88182246713941,424.83424888487616,2.2779139307614638,4.4,13.7,4.3,0.3,0.2,0.43,0
0.7184,55.0,635.0,3.3068091171926657,3.4,14.45,7.3,1.75,2.8499999999999996,0.43,0
0.5994,115.0,210.0,1.303006093953361,3.4,19.8,9.0,0.0,0.0,0.43,0
0.88,40.0,235.0,1.6290061379694023,4.2,17.4,9.2,0.0,0.0,0.43,0
0.7783,30.0,125.0,2.3,4.0,14.0,9.0,0.0,0.0,0.43,0
0.8248,20.0,90.0,1.0574023512553359,4.6,9.9,8.2,0.0,0.0,0.43,0
0.9201,128.35131725101022,345.26063007797666,1.8359725497678787,7.8,6.949999999999999,3.85,2.1,1.5,0.43,0
0.5424048112038572,87.58931153772198,318.00394130533897,1.83845108678377,3.3,8.1,1.45,0.9,0.4,0.43,0
0.5430737598134544,147.5290526574088,518.2227798797094,2.525989394622578,5.4,11.9,2.7,1.3,1.5,0.43,0
0.0,50.0,370.0,2.179729601248098,3.45,16.45,6.0,0.0,0.0,0.43,0
0.18675,110.0,590.0,2.9524092042618184,4.5,17.0,5.6,0.1,0.1,0.43,0
0.8591,60.0,260.0,1.6767601687200657,3.6,17.9,5.3,0.0,0.0,0.43,0
0.3681999999999999,40.0,310.0,1.9522040500129463,3.55,17.85,8.149999999999999,0.0,0.0,0.43,0
0.5421528756753858,37.5,90.0,1.005752435337595,4.4,11.1,5.9,1.2,1.3,0.43,0
0.5410911987895018,20.0,40.0,0.8394577262799204,4.4,6.85,7.0,0.0,0.0,0.43,0
0.5417587895860174,47.67663433469754,171.1721569702141,1.3239678972680902,4.2,6.3,3.3,0.0,0.0,0.43,0
0.8176,27.26347248517444,62.84860108138764,0.9183223639407075,5.15,5.25,5.2,0.0,0.0,0.43,0
0.5344249294701797,80.60385343600672,189.51881667175593,1.30352371445245,4.8,3.2,1.5,1.4,0.8,0.43,0
0.5994,117.45158788713397,324.0181060772515,1.774767206231233,4.7,5.5,0.9,2.0,1.3,0.43,0
0.5442815840320778,87.42907671507518,345.83656083758984,1.9592733026044933,4.5,8.9,2.3,0.3,0.25,0.43,0
0.9565,220.0,750.0,3.319126901062871,4.55,15.35,5.95,0.0,0.0,0.43,0
0.0,60.0,580.0,3.058770851989047,4.0,20.4,7.5,0.4,0.3,0.43,0
0.5708486201384603,55.0,630.0,3.286553376933966,4.2,17.3,6.4,0.3,0.3,0.43,0
0.0,213.10673314170452,533.8203605909099,2.3986859769952042,6.0,8.8,2.2,3.65,3.9,0.29,1
0.8988,242.76682043837883,656.4841749500712,2.84143212268564,4.8,12.4,2.4,3.4,5.0,0.29,1
0.7783,83.32138628179248,430.49639923267216,2.3424051334999696,3.1,17.5,6.15,0.0,0.0,0.29,1
0.6625,105.67013385512729,514.0316691215477,2.6361520913395347,4.3,18.2,6.0,0.2,0.1,0.29,1
0.6529499999999999,115.89144461616522,525.8842938966361,2.6571963152217197,5.8,18.0,6.8,0.4,0.3,0.29,1
0.3681999999999999,36.492905900158135,209.84815513631412,1.5358870632422317,4.5,19.950000000000003,13.2,0.0,0.0,0.29,1
0.4588,39.85336003177186,182.61297754533723,1.4030768711295396,4.3,13.6,8.8,0.0,0.0,0.29,1
0.6369,40.111116529494396,136.8583000658714,1.2018091853096253,4.55,9.1,6.5,0.2,0.1,0.29,1
0.7351,107.9766798856667,284.663263242893,1.635005762993242,5.0,6.7,2.9,2.0,1.3,0.29,1
0.5859,58.17592579666124,219.74729340605046,1.501983435153114,4.35,6.65,2.9,0.0,0.0,0.29,1
0.5561499999999999,157.21657084712373,431.8522350978451,2.122168928400183,6.1,6.3,1.2,2.2,2.2,0.29,1
0.6115,79.57354805349624,214.86920269239045,1.4164524427544904,4.6,4.5,1.8,1.4,0.5,0.29,1
0.5859,149.9980542761877,466.0825491044243,2.2929307573498976,5.65,9.4,2.3499999999999996,1.75,1.85,0.29,1
0.48285,98.5008252115075,433.58464357046046,2.307848563880941,4.4,13.7,4.3,0.3,0.2,0.29,1
0.6789499999999999,129.19488853921115,357.2292280525861,1.8917429484885955,3.4,14.45,7.3,1.75,2.8499999999999996,0.29,1
0.5423,71.09205015110341,383.7309508232594,2.1799420862647514,3.4,19.8,9.0,0.0,0.0,0.29,1
0.5037,60.30904515465867,307.9663155616835,1.884424652820918,4.2,17.4,9.2,0.0,0.0,0.29,1
0.5104500000000001,36.06880916732047,190.04269777417738,1.449075817400485,4.15,16.799999999999997,10.95,0.0,0.0,0.29,1
0.5563,37.035183304770044,176.23427627169642,1.3842946094635797,4.0,14.0,9.0,0.0,0.0,0.29,1
0.4215,24.237881738630144,79.10618814660486,1.0013834306205718,4.6,9.9,8.2,0.0,0.0,0.29,1
0.6249,-7.640146741477107,-72.45418203997492,0.443463736254043,4.1,8.7,9.8,0.0,0.0,0.29,1
0.4215,132.77666381626096,356.5987283851361,1.8717458936608624,7.8,6.949999999999999,3.85,2.1,1.5,0.29,1
0.5719,77.94245780338747,298.51725199715105,1.7809404992520104,5.0,5.5,1.0,0.0,0.0,0.29,1
0.4215,105.49749989458908,340.03162201538936,1.8781723895259,4.7,5.3,0.2,1.2,0.6,0.29,1
0.296,90.96012106864194,327.83138201182726,1.8708161444144509,3.3,8.1,1.45,0.9,0.4,0.29,1
0.7964,148.8102078269789,525.0565791852242,2.5515993064580567,5.4,11.9,2.7,1.3,1.5,0.29,1
0.6475,81.7408569323697,410.5564524534243,2.2605796542395984,3.45,16.45,6.0,0.0,0.0,0.29,1
0.6361,103.22251223352814,495.5192158057238,2.5628129901815484,4.5,17.0,5.6,0.1,0.1,0.29,1
0.5859,101.25705914116324,510.77381429500235,2.6346665814038785,3.6,17.9,5.3,0.0,0.0,0.29,1
0.51315,68.80311536395375,357.0869531412552,2.0705265440121625,3.55,17.85,8.149999999999999,0.0,0.0,0.29,1
0.6249,93.27049461407714,281.8845981451392,1.6703315904453406,4.4,11.1,5.9,1.2,1.3,0.29,1
0.4404,14.711620939557372,14.165306721320263,0.7477856046239156,4.4,6.85,7.0,0.0,0.0,0.29,1
0.4215,50.520014782268206,180.24413582926155,1.3546291865729239,4.2,6.3,3.3,0.0,0.0,0.29,1
0.8676999999999999,29.39446407251191,70.89995588945118,0.946680228509119,5.15,5.25,5.2,0.0,0.0,0.29,1
0.49565,83.10650014467475,198.10265047969062,1.3330834712749062,4.8,3.2,1.5,1.4,0.8,0.29,1
0.0,122.29842339310576,335.96000198730644,1.8119028251668932,4.7,5.5,0.9,2.0,1.3,0.29,1
0.4754,90.05757757768586,354.60060377133215,1.9892390326378135,4.5,8.9,2.3,0.3,0.25,0.29,1
0.7139,168.02626600710022,553.1168029318272,2.615490070742599,5.6,11.5,2.4,1.7,2.1,0.29,1
0.5859,85.69961372878873,410.6497182980527,2.248540082163162,4.55,15.35,5.95,0.0,0.0,0.29,1
0.4404,107.91880014138806,518.7573265406605,2.6519632614804474,4.0,20.4,7.5,0.4,0.3,0.29,1
0.48465,99.96939920418242,461.531709673431,2.4268681159992513,4.2,17.3,6.4,0.3,0.3,0.29,1
0.5994,84.90100613390945,390.2660763109568,2.165495747455105,4.15,17.45,7.85,0.3,0.35,0.29,1
0.4215,9.465189050353128,37.28951947364948,0.8688492746477674,4.5,13.6,11.7,0.0,0.0,0.29,1
0.9589,-0.3346191959155487,-9.237711503578169,0.6961167351612172,3.9,11.8,10.75,0.0,0.0,0.29,1
0.58565,30.734131441166962,78.84426648020417,0.9784654601657939,5.8,6.8,6.7,0.0,0.0,0.29,1
0.21075,195.39239999137766,542.9834922139192,2.488992345899506,9.2,7.6,2.6,2.5,2.7,0.29,1
0.5568,126.25518023143434,435.8611387285196,2.2298485878342014,6.2,6.5,0.4,1.0,0.7,0.29,1
0.5466500000000001,96.56438171483936,279.56475947069396,1.6459672105503298,5.2,6.2,2.4,1.6,0.7,0.29,1
0.71095,90.69548877907681,295.9007495099973,1.733068874052462,4.05,6.2,1.4,0.6,0.8,0.29,1
0.61815,147.65161633189985,511.0944945054813,2.4948789804699887,4.7,11.8,2.4,1.6,1.5,0.29,1
0.5994,113.09835879375547,463.0810679104137,2.3933535604553344,4.7,15.35,5.449999999999999,0.8,0.6499999999999999,0.29,1
0.5037,89.67749738648325,450.65676763013767,2.411522909593472,4.6,18.5,7.6,0.0,0.0,0.29,1
0.5859,69.8458401595149,362.59609290089224,2.0913837971475084,3.8,18.1,8.4,0.0,0.0,0.29,1
0.61215,56.49385806510949,282.4294234549443,1.785656328237182,4.25,16.950000000000003,9.4,0.05,0.05,0.29,1
0.4754,46.47780547851959,204.3426313843177,1.4751744087802776,4.0,11.9,6.9,0.0,0.0,0.29,1
0.5994,3.10548659546083,-16.07409830946753,0.6555699800843446,4.8,10.4,10.5,0.0,0.0,0.29,1
0.4215,104.92728509474134,363.18127443862784,1.9821160551837156,6.5,8.1,3.0,1.0,0.4,0.29,1
0.5994,20.472091095039442,48.28544133574809,0.8774706196089235,4.1,7.15,6.35,0.0,0.0,0.29,1
0.21075,102.82546911940673,305.24237605209095,1.7362357346283155,5.1,4.6,0.7,1.3,0.7,0.29,1
0.5994,122.81940971508328,399.48980143996164,2.0838086554259476,5.6,6.5,0.7,1.5,0.8,0.29,1
0.61215,81.03698868430641,325.99938345588964,1.8910416168356814,4.75,6.9,1.35,0.0,0.0,0.29,1
0.4574,55.1120879404657,248.77605129848826,1.641264207252711,4.2,12.7,6.8,0.0,0.0,0.29,1
0.7717,73.89209330579602,347.0961752231449,0.5,4.199999999999999,15.25,6.300000000000001,0.0,0.0,0.29,1
0.56775,89.9831876521628,445.74700027517895,0.5,4.0,19.0,7.0,0.0,0.0,0.29,1
0.5859,38.831727195600635,225.49863479221295,0.5,3.3,20.0,11.7,0.0,0.0,0.29,1
0.5984,76.31876015068391,367.6846712908407,0.5,4.25,17.0,7.25,0.0,0.0,0.29,1
0.5719,48.27086813436166,261.0603513745937,2.1,3.9,17.8,10.3,0.0,0.0,0.29,1
0.6177,80.18403307641529,324.1279692587824,0.5,4.5,11.05,3.9,0.3,0.1,0.29,1
0.54605,53.11325842239306,133.379216444205,1.1454428390511473,4.6,5.6,4.0,1.0,0.2,0.29,1
0.5994,-5.763919294794597,-128.12654648914253,0.19252333574610947,5.449999999999999,1.5,6.4,0.0,0.0,0.29,1
0.3182,123.06290673560909,371.7190046239525,1.962920439551316,6.5,5.2,0.9,1.7,0.8,0.29,1
0.5303113355682518,175.42084239160158,448.30637422225334,2.138559442934431,5.8,5.3,0.3,2.8,2.8,0.29,1
0.2553,126.52829533269622,366.53035127123957,1.9326286200727034,4.15,7.6,1.7000000000000002,1.8,1.6,0.29,1
0.4753,132.07961194568446,543.0043168443495,2.678936832955779,6.0,13.5,3.3,0.8,0.4,0.29,1
0.5267,99.26648866693466,410.78488438445606,2.208381341116734,3.7,14.35,4.9,0.75,0.5,0.29,1
0.4939,89.34707228750139,425.43760710702384,2.3031078957330644,3.5,17.4,6.6,0.3,0.2,0.29,1
0.6305499999999999,135.05107941113747,531.8335628815963,2.626816304076277,4.3,18.2,6.5,1.0,1.4,0.29,1
0.1027,85.99771534987033,419.5485584231084,2.288081796630502,4.8,17.6,7.699999999999999,0.0,0.0,0.29,1
0.550024457520655,46.60315135558627,227.71587236196058,1.577935257527741,4.0,14.9,8.7,0.0,0.0,0.29,1
0.6908,31.29031094554863,94.26738600580745,1.0448837176458852,4.45,9.05,7.15,0.35,0.05,0.29,1
0.1779,46.2078433724426,164.36538413018937,1.3010227098162268,4.8,8.1,5.4,0.0,0.0,0.29,1
0.5377984935592505,102.66284075565892,323.70253997164986,1.8161578093645514,5.45,4.9,0.6499999999999999,1.25,0.5,0.29,1
0.4404,27.868403689142582,22.742599128959,0.7405944594944986,3.8,1.3,2.3,0.3,0.1,0.29,1
0.5574,66.85224865734452,262.9941389460979,1.6612648060776238,3.5,6.0,1.0,0.0,0.0,0.29,1
0.4215,60.151180861082764,255.22851632530524,1.6514086254029954,3.8,9.9,4.3,0.0,0.0,0.29,1
0.553919880260337,71.88831781519067,371.6009231699543,2.123524169832311,3.45,17.65,7.65,0.0,0.0,0.29,1
0.5994,63.924222974288014,330.07946084363823,1.9690356999497505,4.1,17.8,9.0,0.0,0.0,0.29,1
0.6658,108.6593496848104,456.29131427418395,2.377619214534689,3.75,15.9,5.4,0.6000000000000001,0.75,0.29,1
0.128,140.86180532188504,467.3188476673911,0.5,4.35,13.8,4.35,0.8,2.05,0.29,1
0.908,88.72104325344966,376.52929710209287,1.4,5.1,17.9,9.0,0.5,0.6,0.29,1
-0.5106,67.92028407651122,300.87803046112487,1.3,4.8,14.75,7.7,0.0,0.0,0.29,1
0.5297471646736601,208.55122322693427,522.2959748662747,2.362493472851812,6.0,8.8,2.2,3.65,3.9,0.43,0
0.7184,90.0,620.0,3.141091195690051,3.1,17.5,6.15,0.0,0.0,0.43,0
0.6085454221864541,50.0,1300.0,6.189975715804717,4.3,18.2,6.0,0.2,0.1,0.43,0
0.3506,60.0,480.0,2.6256325233275946,5.8,18.0,6.8,0.4,0.3,0.43,0
0.3991,15.0,200.0,1.5547253932246818,4.5,19.950000000000003,13.2,0.0,0.0,0.43,0
0.4199,15.0,130.0,1.247059428543531,4.3,13.6,8.8,0.0,0.0,0.43,0
0.4511,20.0,110.0,1.1423370588862576,4.55,9.1,6.5,0.2,0.1,0.43,0
0.92535,146.2381835533552,455.69776814350337,2.2593082673561407,5.65,9.4,2.3499999999999996,1.75,1.85,0.43,0
0.7906,94.87350607023114,423.3897473715613,2.2746544877646926,4.4,13.7,4.3,0.3,0.2,0.43,0
0.4588,20.0,160.0,1.3615697355270129,3.4,14.45,7.3,1.75,2.8499999999999996,0.43,0
0.5589160763098497,20.0,250.0,1.7537305403915837,3.4,19.8,9.0,0.0,0.0,0.43,0
0.4215,15.0,230.0,1.6806784155932908,4.2,17.4,9.2,0.0,0.0,0.43,0
0.4215,30.0,110.0,1.1198702292109566,4.15,16.799999999999997,10.95,0.0,0.0,0.43,0
0.9485,30.0,110.0,1.117281652678736,4.0,14.0,9.0,0.0,0.0,0.43,0
0.5488115986879919,90.0,410.0,2.2318947814755834,4.6,9.9,8.2,0.0,0.0,0.43,0
0.4215,130.43618218993413,348.24727179229995,1.84271094596112,7.8,6.949999999999999,3.85,2.1,1.5,0.43,0
0.5417097394411506,75.72820567597915,290.346602360387,1.7523133434951608,5.0,5.5,1.0,0.0,0.0,0.43,0
0.5424048112038572,87.58931153772198,318.00394130533897,1.83845108678377,3.3,8.1,1.45,0.9,0.4,0.43,0
0.4588,147.88137963703537,518.7273653576419,2.5271268989806126,5.4,11.9,2.7,1.3,1.5,0.43,0
0.4753,80.0,290.0,1.7469694990119558,3.45,16.45,6.0,0.0,0.0,0.43,0
0.29295,410.0,310.0,0.8665241165651042,4.5,17.0,5.6,0.1,0.1,0.43,0
0.5562216174184771,20.0,230.0,1.6645962171748403,3.6,17.9,5.3,0.0,0.0,0.43,0
0.5528657672337901,15.0,140.0,1.2925546916259392,3.55,17.85,8.149999999999999,0.0,0.0,0.43,0
0.5859,20.0,140.0,1.2725691468588085,4.4,11.1,5.9,1.2,1.3,0.43,0
0.0,86.57579940245932,435.1584594939193,2.352923572643972,3.1,17.5,6.15,0.0,0.0,0.29,1
0.7799,115.36061107425508,525.1238563402113,2.6554806325166815,5.8,18.0,6.8,0.4,0.3,0.29,1
0.9017,39.00387177252077,135.27213334715339,1.1982305103959265,4.55,9.1,6.5,0.2,0.1,0.29,1
0.4404,98.6783272505314,433.8389214300132,2.3084222600670685,4.4,13.7,4.3,0.3,0.2,0.29,1
0.5403641763999059,129.7743925731501,358.0594242104154,1.8936162176316351,3.4,14.45,7.3,1.75,2.8499999999999996,0.29,1
0.875,69.70088576044964,381.7380593303686,2.1754457677459165,3.4,19.8,9.0,0.0,0.0,0.29,1
0.5487827918931149,37.0665669494053,176.27912090649318,1.3843949975620484,4.0,14.0,9.0,0.0,0.0,0.29,1
0.61025,-7.578888676183819,-72.36642772566519,0.4436617256327653,4.1,8.7,9.8,0.0,0.0,0.29,1
0.5442,103.60678637690378,496.0697019139194,2.5640549849873224,4.5,17.0,5.6,0.1,0.1,0.29,1
0.9022,67.17632694741073,354.75652201619005,2.0652686759034973,3.55,17.85,8.149999999999999,0.0,0.0,0.29,1
0.540795784452267,14.291733379697574,13.563597486990076,0.7464265877103686,4.4,6.85,7.0,0.0,0.0,0.29,1
0.8481,48.73621337243078,177.68877811700665,1.3488638439815945,4.2,6.3,3.3,0.0,0.0,0.29,1
0.5517341771562466,85.84249252038887,410.85443565780736,2.249002254947997,4.55,15.35,5.95,0.0,0.0,0.29,1
0.80925,106.3764767705054,516.547894538398,2.6469783889656515,4.0,20.4,7.5,0.4,0.3,0.29,1
0.5527539110958849,99.6846575314469,461.1238783442004,2.4259484942609104,4.2,17.3,6.4,0.3,0.3,0.29,1
0.5407542867290218,30.921790839410097,79.11293477366883,0.9790704891866133,5.8,6.8,6.7,0.0,0.0,0.29,1
0.5426249814365633,147.96747654449197,511.5471070259239,2.4959010582594425,4.7,11.8,2.4,1.6,1.5,0.29,1
0.5574,113.27397918572257,463.3326502449536,2.393921175056449,4.7,15.35,5.449999999999999,0.8,0.6499999999999999,0.29,1
0.8654999999999999,88.16465315282366,448.48956551974413,2.406633315243864,4.6,18.5,7.6,0.0,0.0,0.29,1
0.58895,69.83308677390777,362.57782323136007,2.0913425775157606,3.8,18.1,8.4,0.0,0.0,0.29,1
0.546,56.77046018245768,282.8256656318446,1.7865503212339384,4.25,16.950000000000003,9.4,0.05,0.05,0.29,1
0.5106,93.9704070735163,479.8873659484277,2.5246818153075914,4.0,19.0,7.0,0.0,0.0,0.29,1
0.555068983899085,41.191681626870476,245.49075755727904,1.674796255295825,3.3,20.0,11.7,0.0,0.0,0.29,1
0.8645,120.77858720866539,368.446637258259,1.9555373953468083,6.5,5.2,0.9,1.7,0.8,0.29,1
0.886,25.0,220.0,1.2,4.5,19.950000000000003,13.2,0.0,0.0,0.5,1
0.9798,110.57820900104184,334.591297680073,5.4,5.0,6.7,2.9,2.0,1.3,0.5,1
0.5719,143.31039584996222,424.43894291826746,0.5,5.65,9.4,2.3499999999999996,1.75,1.85,0.5,1
0.541968375278833,-10.750942126501826,-83.28660469999046,0.5,4.1,8.7,9.8,0.0,0.0,0.5,1
0.7418,83.10445651742842,290.45135999042424,0.5,3.3,8.1,1.45,0.9,0.4,0.5,1
0.5460486123040336,30.0,80.0,0.8,3.6,17.9,5.3,0.0,0.0,0.5,1
0.6705,20.0,300.0,0.5,3.55,17.85,8.149999999999999,0.0,0.0,0.5,1
0.5427058689086065,45.0,90.0,0.5,4.5,13.6,11.7,0.0,0.0,0.5,1
0.7096,30.0,350.0,0.8,4.6,18.5,7.6,0.0,0.0,0.5,1
0.5378956593411751,110.0,210.0,1.7,3.8,18.1,8.4,0.0,0.0,0.5,1
0.7717,74.33234641311176,289.92714310383957,0.5,4.75,6.9,1.35,0.0,0.0,0.5,1
0.2997,213.1909742740688,536.7974018424926,2.411227040062812,6.0,8.8,2.2,3.65,3.9,0.21,0
0.7184,410.0,550.0,1.8966413535783622,4.8,12.4,2.4,3.4,5.0,0.21,0
0.6124,220.0,290.0,3.0,3.1,17.5,6.15,0.0,0.0,0.21,0
0.43095,255.0,800.0,3.9,4.3,18.2,6.0,0.2,0.1,0.21,0
0.5859,60.0,130.0,5.95,5.8,18.0,6.8,0.4,0.3,0.21,0
0.6908,130.0,230.0,0.5,4.5,19.950000000000003,13.2,0.0,0.0,0.21,0
0.50105,30.0,60.0,0.55,4.3,13.6,8.8,0.0,0.0,0.21,0
0.5439,15.0,40.0,0.5,4.55,9.1,6.5,0.2,0.1,0.21,0
0.7385,107.1328377364255,270.06481086773994,0.5,5.0,6.7,2.9,2.0,1.3,0.21,0
0.4967,57.94208645714282,207.8298102874101,0.5,4.35,6.65,2.9,0.0,0.0,0.21,0
0.5991500000000001,155.34388270436042,409.02285201809724,0.5,6.1,6.3,1.2,2.2,2.2,0.21,0
0.37985,81.87959621613973,221.02905997868163,1.4361745062578755,4.6,4.5,1.8,1.4,0.5,0.21,0
0.7964,146.7428346459853,436.0972329199682,0.3,5.65,9.4,2.3499999999999996,1.75,1.85,0.21,0
0.5994,95.96805439210056,407.1938576740263,0.5,4.4,13.7,4.3,0.3,0.2,0.21,0
0.5784,145.0,405.0,0.9,3.4,14.45,7.3,1.75,2.8499999999999996,0.21,0
0.6124,140.0,660.0,1.0,3.4,19.8,9.0,0.0,0.0,0.21,0
0.5199,165.0,680.0,0.9,4.2,17.4,9.2,0.0,0.0,0.21,0
0.4215,17.5,155.0,0.5,4.15,16.799999999999997,10.95,0.0,0.0,0.21,0
0.45065,22.5,95.0,0.5,4.6,9.9,8.2,0.0,0.0,0.21,0
0.5994,-6.248620056721105,-67.30763838322258,0.5,4.1,8.7,9.8,0.0,0.0,0.21,0
0.65185,131.2258109489592,342.6761241660923,0.85,7.8,6.949999999999999,3.85,2.1,1.5,0.21,0
0.2377,78.23012071408436,283.4228356814733,0.5,5.0,5.5,1.0,0.0,0.0,0.21,0
0.5994,103.48856211153418,320.40337895787115,0.5,4.7,5.3,0.2,1.2,0.6,0.21,0
0.6801999999999999,88.1017067356492,307.1171116175508,0.5,3.3,8.1,1.45,0.9,0.4,0.21,0
0.6451,146.96693421081065,496.2358219022278,0.5,5.4,11.9,2.7,1.3,1.5,0.21,0
0.6588,180.0,510.0,0.5,3.45,16.45,6.0,0.0,0.0,0.21,0
0.7645,360.0,3400.0,0.5,4.5,17.0,5.6,0.1,0.1,0.21,0
0.44845,50.0,230.0,0.75,3.6,17.9,5.3,0.0,0.0,0.21,0
0.56585,22.5,150.0,0.55,3.55,17.85,8.149999999999999,0.0,0.0,0.21,0
0.7825,80.0,370.0,0.5,4.4,11.1,5.9,1.2,1.3,0.21,0
0.4355,15.0,25.0,0.5,4.4,6.85,7.0,0.0,0.0,0.21,0
0.5994,49.43917099566312,169.21373199917267,0.5,4.2,6.3,3.3,0.0,0.0,0.21,0
0.4404,31.560339746377537,70.08589399058911,0.5,5.15,5.25,5.2,0.0,0.0,0.21,0
0.2023,84.03457871599329,190.18453849283173,0.5,4.8,3.2,1.5,1.4,0.8,0.21,0
0.2997,119.90773686739226,316.7425097010662,0.5,4.7,5.5,0.9,2.0,1.3,0.21,0
0.7964,87.24786549060602,332.29169263524875,0.5,4.5,8.9,2.3,0.3,0.25,0.21,0
0.5994,166.0143614786703,523.8870673577388,0.55,5.6,11.5,2.4,1.7,2.1,0.21,0
0.148,200.0,1225.0,1.5,4.55,15.35,5.95,0.0,0.0,0.21,0
0.552,125.0,655.0,1.55,4.0,20.4,7.5,0.4,0.3,0.21,0
0.6451,160.0,210.0,0.6499999999999999,4.2,17.3,6.4,0.3,0.3,0.21,0
0.65785,30.0,130.0,0.5,4.15,17.45,7.85,0.3,0.35,0.21,0
0.21075,30.0,270.0,0.5,4.5,13.6,11.7,0.0,0.0,0.21,0
-0.1174,25.0,37.5,0.5,3.9,11.8,10.75,0.0,0.0,0.21,0
0.8834,29.82781187815109,73.32091524030659,0.5,5.8,6.8,6.7,0.0,0.0,0.21,0
0.5313166081481991,191.9025279369113,514.2054204972368,0.6,9.2,7.6,2.6,2.5,2.7,0.21,0
0.5994,124.18029240987886,411.2203598979686,0.5,6.2,6.5,0.4,1.0,0.7,0.21,0
0.7717,94.77564422698649,263.4939607119966,0.5,5.2,6.2,2.4,1.6,0.7,0.21,0
0.5719,90.26181841798592,280.484799747544,0.5,4.05,6.2,1.4,0.6,0.8,0.21,0
0.5994,145.54671778563747,484.12352965398713,0.6,4.7,11.8,2.4,1.6,1.5,0.21,0
0.5719,60.0,580.0,1.4,4.7,15.35,5.449999999999999,0.8,0.6499999999999999,0.21,0
0.5175000000000001,90.0,310.0,1.7,4.6,18.5,7.6,0.0,0.0,0.21,0
0.5994,30.0,60.0,1.6,3.8,18.1,8.4,0.0,0.0,0.21,0
0.5994,50.0,270.0,0.5,4.25,16.950000000000003,9.4,0.05,0.05,0.21,0
0.7003,15.0,20.0,0.5,4.0,11.9,6.9,0.0,0.0,0.21,0
0.5994,15.0,55.0,0.5,4.8,10.4,10.5,0.0,0.0,0.21,0
0.5859,102.78632408091971,341.91031578949605,0.5,6.5,8.1,3.0,1.0,0.4,0.21,0
0.296,22.244650888464328,47.89017785162952,0.5,4.1,7.15,6.35,0.0,0.0,0.21,0
0.6474500000000001,99.9958546342132,286.46509517442655,0.5,5.1,4.6,0.7,1.3,0.7,0.21,0
0.5859,121.24032609539191,377.58380654450707,0.5,5.6,6.5,0.7,1.5,0.8,0.21,0
0.5106,80.90938913540299,314.45686328555735,0.9,4.75,6.9,1.35,0.0,0.0,0.21,0
0.514,62.08331265015178,305.8681130204676,4.8,4.2,12.7,6.8,0.0,0.0,0.21,0
0.61165,90.0,390.0,18.9,4.199999999999999,15.25,6.300000000000001,0.0,0.0,0.21,0
0.5859,330.0,3200.0,31.7,4.0,19.0,7.0,0.0,0.0,0.21,0
0.7003,90.0,400.0,2.0,3.3,20.0,11.7,0.0,0.0,0.21,0
0.7959,90.0,600.0,0.6,4.25,17.0,7.25,0.0,0.0,0.21,0
0.5859,20.0,370.0,0.5,3.9,17.8,10.3,0.0,0.0,0.21,0
0.80525,17.5,107.5,0.5,4.5,11.05,3.9,0.3,0.1,0.21,0
0.7906,53.42810585516175,136.68660926126083,1.1587292341485533,4.6,5.6,4.0,1.0,0.2,0.21,0
0.3953,15.0,200.0,8.7,3.5,17.4,6.6,0.3,0.2,0.21,0
0.5092228076828175,290.0,330.0,8.2,4.3,18.2,6.5,1.0,1.4,0.21,0
0.5463641502946441,37.5,185.0,0.5,4.45,9.05,7.15,0.35,0.05,0.21,0
0.7717,43.49273758572591,151.81568793667986,0.5,4.8,8.1,5.4,0.0,0.0,0.21,0
0.5377899878008603,104.00029588737524,328.4748574246882,1.8327493596966797,5.45,4.9,0.6499999999999999,1.25,0.5,0.21,0
0.4767,29.0540355654149,27.29742102144162,0.7566952769891017,3.8,1.3,2.3,0.3,0.1,0.21,0
0.5424218893800105,68.25228011100641,267.856057264083,1.6780582274037905,3.5,6.0,1.0,0.0,0.0,0.21,0
0.5451159085876277,59.13785419710565,242.96868085441537,0.7,3.8,9.9,4.3,0.0,0.0,0.21,0
0.6705,30.0,180.0,10.2,3.45,17.65,7.65,0.0,0.0,0.21,0
0.765,410.0,550.0,1.8966408465346571,4.8,12.4,2.4,3.4,5.0,0.14,0
0.4229,155.0,215.0,4.1,3.1,17.5,6.15,0.0,0.0,0.14,0
0.5994,110.0,740.0,5.25,4.3,18.2,6.0,0.2,0.1,0.14,0
0.4404,35.0,170.0,7.9,5.8,18.0,6.8,0.4,0.3,0.14,0
0.5859,80.0,145.0,0.5,4.5,19.950000000000003,13.2,0.0,0.0,0.14,0
0.44845,17.5,20.0,0.5,4.3,13.6,8.8,0.0,0.0,0.14,0
0.5428122218709364,15.0,37.5,0.5,4.55,9.1,6.5,0.2,0.1,0.14,0
0.4019,109.6769522720709,275.9443772127766,0.5,5.0,6.7,2.9,2.0,1.3,0.14,0
0.5371235732029647,148.96543269025855,441.53063002735917,0.3,5.65,9.4,2.3499999999999996,1.75,1.85,0.14,0
0.4215,97.85223312144174,412.15752246205574,0.5,4.4,13.7,4.3,0.3,0.2,0.14,0
0.6811499999999999,145.0,405.0,0.75,3.4,14.45,7.3,1.75,2.8499999999999996,0.14,0
0.6249,140.0,660.0,0.75,3.4,19.8,9.0,0.0,0.0,0.14,0
0.6571,165.0,680.0,0.9,4.2,17.4,9.2,0.0,0.0,0.14,0
0.6378,17.5,155.0,0.5,4.15,16.799999999999997,10.95,0.0,0.0,0.14,0
0.6133500000000001,15.0,55.0,0.5,4.0,14.0,9.0,0.0,0.0,0.14,0
0.7177,15.0,50.0,0.5,4.6,9.9,8.2,0.0,0.0,0.14,0
0.62635,-5.216286632492782,-63.526219555828824,0.5,4.1,8.7,9.8,0.0,0.0,0.14,0
0.0,135.08085656801603,350.375085380987,0.85,7.8,6.949999999999999,3.85,2.1,1.5,0.14,0
-0.1901,107.91600951847869,328.8967563625707,0.5,4.7,5.3,0.2,1.2,0.6,0.14,0
0.5025,245.0,675.0,0.5,3.45,16.45,6.0,0.0,0.0,0.14,0
0.93,410.0,2900.0,0.5,4.5,17.0,5.6,0.1,0.1,0.14,0
0.72375,90.0,915.0,0.6499999999999999,3.6,17.9,5.3,0.0,0.0,0.14,0
0.6686000000000001,30.0,160.0,0.5,3.55,17.85,8.149999999999999,0.0,0.0,0.14,0
0.5994,105.0,670.0,0.5,4.4,11.1,5.9,1.2,1.3,0.14,0
0.5994,15.0,20.0,0.5,4.4,6.85,7.0,0.0,0.0,0.14,0
0.541123515507161,50.82589077715696,173.4869527059621,0.5,4.2,6.3,3.3,0.0,0.0,0.14,0
0.5419,32.28266551868414,73.43706416596729,0.5,5.15,5.25,5.2,0.0,0.0,0.14,0
0.6808,83.18919308958104,191.35993748363734,0.5,4.8,3.2,1.5,1.4,0.8,0.14,0
0.9124,87.90989467065421,335.559179303528,0.5,4.5,8.9,2.3,0.3,0.25,0.14,0
0.5391289892235165,167.4094278481429,528.1719827437244,0.55,5.6,11.5,2.4,1.7,2.1,0.14,0
0.4753,220.0,1800.0,1.0,4.55,15.35,5.95,0.0,0.0,0.14,0
0.5994,220.0,1100.0,1.55,4.0,20.4,7.5,0.4,0.3,0.14,0
0.4215,570.0,655.0,0.8,4.2,17.3,6.4,0.3,0.3,0.14,0
0.4967,45.0,210.0,0.5,4.15,17.45,7.85,0.3,0.35,0.14,0
0.4601499999999999,32.5,275.0,0.5,4.5,13.6,11.7,0.0,0.0,0.14,0
0.5403875367565887,32.39856327049096,79.23738961540616,0.5,5.8,6.8,6.7,0.0,0.0,0.14,0
0.5312993240253637,193.04700232650893,518.1424770612764,0.6,9.2,7.6,2.6,2.5,2.7,0.14,0
0.4033,126.14015375846856,416.28906191559827,0.5,6.2,6.5,0.4,1.0,0.7,0.14,0
0.5367812268790404,96.8969295807994,268.7866986068904,0.5,5.2,6.2,2.4,1.6,0.7,0.14,0
0.538660135401996,91.54444433466662,284.6135902946142,0.5,4.05,6.2,1.4,0.6,0.8,0.14,0
0.1574,148.5291261712165,490.6113885264879,0.6,4.7,11.8,2.4,1.6,1.5,0.14,0
0.5707,195.0,940.0,2.95,4.7,15.35,5.449999999999999,0.8,0.6499999999999999,0.14,0
0.43095,100.0,395.0,1.2,4.6,18.5,7.6,0.0,0.0,0.14,0
0.6124,22.5,122.5,1.35,3.8,18.1,8.4,0.0,0.0,0.14,0
0.5423,120.0,425.0,0.5,4.25,16.950000000000003,9.4,0.05,0.05,0.14,0
0.4939,17.5,35.0,0.6,4.0,11.9,6.9,0.0,0.0,0.14,0
0.5994,15.0,90.0,0.5,4.8,10.4,10.5,0.0,0.0,0.14,0
0.6808,103.53609519866808,345.2995763887952,0.5,6.5,8.1,3.0,1.0,0.4,0.14,0
0.5411744205300915,22.36948943937557,50.41204594476312,0.5,4.1,7.15,6.35,0.0,0.0,0.14,0
0.5359924655741564,101.60374358608232,291.0453147790304,0.5,5.1,4.6,0.7,1.3,0.7,0.14,0
0.6191,122.24666960916403,381.3291548947031,0.5,5.6,6.5,0.7,1.5,0.8,0.14,0
0.238,83.18736698797676,319.9670679440883,0.9,4.75,6.9,1.35,0.0,0.0,0.14,0
0.5994,62.87258843179361,309.3122007451074,4.8,4.2,12.7,6.8,0.0,0.0,0.14,0
0.4215,155.0,995.0,18.5,4.199999999999999,15.25,6.300000000000001,0.0,0.0,0.14,0
0.7351,550.0,3450.0,29.2,4.0,19.0,7.0,0.0,0.0,0.14,0
0.4404,100.0,800.0,4.15,3.3,20.0,11.7,0.0,0.0,0.14,0
0.17875,160.0,930.0,0.6,4.25,17.0,7.25,0.0,0.0,0.14,0
0.69555,152.5,600.0,0.5,3.9,17.8,10.3,0.0,0.0,0.14,0
0.5519245099321017,15.0,200.0,0.5,4.5,11.05,3.9,0.3,0.1,0.14,0
0.6476500000000001,55.19608321669896,141.71861600345207,1.1751786248372205,4.6,5.6,4.0,1.0,0.2,0.14,0
0.5345361495119234,-2.609713210510531,-114.66078650532748,0.5,5.449999999999999,1.5,6.4,0.0,0.0,0.14,0
0.2986,128.8548979568041,375.21897107105036,1.9631523089836582,4.15,7.6,1.7000000000000002,1.8,1.6,0.14,0
0.9652,138.1379502606662,598.7204584080636,5.65,6.0,13.5,3.3,0.8,0.4,0.14,0
0.562865888107666,35.0,410.0,0.5,4.8,17.6,7.699999999999999,0.0,0.0,0.14,0
0.6249,213.00141148085825,539.025164062902,2.4213495551440474,6.0,8.8,2.2,3.65,3.9,0.14,0
0.49297677978465765,410.0,550.0,1.896638252946655,4.8,12.4,2.4,3.4,5.0,0.14,0
0.5664000406314778,110.0,740.0,5.25,4.3,18.2,6.0,0.2,0.1,0.14,0
0.86385,35.0,170.0,7.9,5.8,18.0,6.8,0.4,0.3,0.14,0
0.5418597847080354,80.0,145.0,0.5,4.5,19.950000000000003,13.2,0.0,0.0,0.14,0
0.5994,410.0,2900.0,0.5,4.5,17.0,5.6,0.1,0.1,0.14,0
0.578875214068758,90.0,915.0,0.6,3.6,17.9,5.3,0.0,0.0,0.14,0
0.5508272095002229,30.0,160.0,0.5,3.55,17.85,8.149999999999999,0.0,0.0,0.14,0
0.540958247534243,15.0,20.0,0.5,4.4,6.85,7.0,0.0,0.0,0.14,0
0.5432154400289942,89.44510791948701,337.68985053916936,0.5,4.5,8.9,2.3,0.3,0.25,0.14,0
0.5391289892235165,167.4094278481429,528.1719827437244,0.55,5.6,11.5,2.4,1.7,2.1,0.14,0
0.4986,220.0,1800.0,1.25,4.55,15.35,5.95,0.0,0.0,0.14,0
0.5703,220.0,1100.0,1.6,4.0,20.4,7.5,0.4,0.3,0.14,0
0.603,570.0,655.0,0.6,4.2,17.3,6.4,0.3,0.3,0.14,0
0.5859,45.0,210.0,0.5,4.15,17.45,7.85,0.3,0.35,0.14,0
0.5859,32.5,275.0,0.5,4.5,13.6,11.7,0.0,0.0,0.14,0
0.5385401466059649,125.57779030080263,415.50861386121585,0.5,6.2,6.5,0.4,1.0,0.7,0.14,0
0.5367812268790404,96.8969295807994,268.7866986068904,0.5,5.2,6.2,2.4,1.6,0.7,0.14,0
0.538660135401996,91.54444433466662,284.6135902946142,0.5,4.05,6.2,1.4,0.6,0.8,0.14,0
0.9052,195.0,940.0,2.95,4.7,15.35,5.449999999999999,0.8,0.6499999999999999,0.14,0
0.0,100.0,395.0,1.2,4.6,18.5,7.6,0.0,0.0,0.14,0
0.69085,22.5,122.5,1.35,3.8,18.1,8.4,0.0,0.0,0.14,0
0.9136,120.0,425.0,0.5,4.25,16.950000000000003,9.4,0.05,0.05,0.14,0
0.6547,17.5,35.0,0.6,4.0,11.9,6.9,0.0,0.0,0.14,0
0.5469463411513852,15.0,90.0,0.5,4.8,10.4,10.5,0.0,0.0,0.14,0
0.5877,103.92324090482387,345.836882217134,0.5,6.5,8.1,3.0,1.0,0.4,0.14,0
0.4215,102.07984379514181,291.7060697911531,0.5,5.1,4.6,0.7,1.3,0.7,0.14,0
0.6588,62.62558032281773,308.9693869298193,4.8,4.2,12.7,6.8,0.0,0.0,0.14,0
0.3506,550.0,3450.0,29.2,4.0,19.0,7.0,0.0,0.0,0.14,0
0.2942,100.0,800.0,4.15,3.3,20.0,11.7,0.0,0.0,0.14,0
0.7674000000000001,160.0,930.0,0.6,4.25,17.0,7.25,0.0,0.0,0.14,0
0.79115,152.5,600.0,0.5,3.9,17.8,10.3,0.0,0.0,0.14,0
0.5519245099321017,15.0,200.0,0.5,4.5,11.05,3.9,0.3,0.1,0.14,0
0.562865888107666,35.0,410.0,0.5,4.8,17.6,7.699999999999999,0.0,0.0,0.14,0
0.0,30.0,80.0,0.5,4.15,16.799999999999997,10.95,0.0,0.0,0.43,0
0.5475793933308346,30.0,125.0,2.3,4.0,14.0,9.0,0.0,0.0,0.43,0
0.5719,-9.759012158893047,-80.48816568684408,0.415145064122375,4.1,8.7,9.8,0.0,0.0,0.43,0
0.5424048112038572,87.58931153772198,318.00394130533897,1.83845108678377,3.3,8.1,1.45,0.9,0.4,0.43,0
0.0,110.0,590.0,2.952407423705883,4.5,17.0,5.6,0.1,0.1,0.43,0
0.71655,60.0,260.0,1.6767588095862043,3.6,17.9,5.3,0.0,0.0,0.43,0
0.5571121250518235,40.0,310.0,1.9522058511835247,3.55,17.85,8.149999999999999,0.0,0.0,0.43,0
0.743,37.5,90.0,1.0057543503016615,4.4,11.1,5.9,1.2,1.3,0.43,0
0.5994,20.0,40.0,0.8394582822214578,4.4,6.85,7.0,0.0,0.0,0.43,0
0.5417587895860174,47.67663433469754,171.1721569702141,1.3239678972680902,4.2,6.3,3.3,0.0,0.0,0.43,0
0.8016,27.330375491638094,62.94444197073611,0.9185385980744656,5.15,5.25,5.2,0.0,0.0,0.43,0
0.5442815840320778,87.42907671507518,345.83656083758984,1.9592733026044933,4.5,8.9,2.3,0.3,0.25,0.43,0
0.5405874918844623,166.4105497785983,545.8037594313005,2.5887990664458247,5.6,11.5,2.4,1.7,2.1,0.43,0
0.8122,220.0,750.0,3.319125525243746,4.55,15.35,5.95,0.0,0.0,0.43,0
0.8655999999999999,60.0,580.0,3.0587791049969075,4.0,20.4,7.5,0.4,0.3,0.43,0
0.36345,55.0,630.0,3.2865513995050817,4.2,17.3,6.4,0.3,0.3,0.43,0
0.7717,30.0,155.0,1.3128006784309547,4.15,17.45,7.85,0.3,0.35,0.43,0
0.5438447803353771,105.0,330.0,1.84696924029627,4.5,13.6,11.7,0.0,0.0,0.43,0
0.5326329474235447,191.7060607313185,532.7042225570577,2.455609066691322,9.2,7.6,2.6,2.5,2.7,0.43,0
0.537614908045606,94.26167051958993,271.2673886465746,1.617054111547048,5.2,6.2,2.4,1.6,0.7,0.43,0
0.5395545052521129,89.07168007975093,288.5759362444757,1.706350094443231,4.05,6.2,1.4,0.6,0.8,0.43,0
0.5426398665137461,145.6269300639884,503.1955514831068,2.466865845178218,4.7,11.8,2.4,1.6,1.5,0.43,0
0.5177102256837129,215.0,260.0,1.2210466124032084,4.7,15.35,5.449999999999999,0.8,0.6499999999999999,0.43,0
0.636,250.0,570.0,2.457931350739525,4.6,18.5,7.6,0.0,0.0,0.43,0
0.5527644306044409,140.0,595.0,2.888169257523789,3.8,18.1,8.4,0.0,0.0,0.43,0
0.7906,70.0,415.0,2.3169311170559106,4.25,16.950000000000003,9.4,0.05,0.05,0.43,0
0.5439623268289497,35.0,105.0,1.0788172586952363,4.0,11.9,6.9,0.0,0.0,0.43,0
0.5471263794420117,20.0,110.0,1.144973196671661,4.8,10.4,10.5,0.0,0.0,0.43,0
0.5368842804646448,99.12127540465235,294.93734982600256,1.702793131889008,5.1,4.6,0.7,1.3,0.7,0.43,0
0.9098,185.0,965.0,0.5,4.199999999999999,15.25,6.300000000000001,0.0,0.0,0.43,0
0.5562659235643623,40.0,290.0,1.9,4.0,19.0,7.0,0.0,0.0,0.43,0
0.21075,15.0,120.0,3.8,3.3,20.0,11.7,0.0,0.0,0.43,0
-0.1027,17.5,180.0,1.45663449285157,4.25,17.0,7.25,0.0,0.0,0.43,0
0.5486293364294623,32.5,120.0,1.1559974625123792,3.9,17.8,10.3,0.0,0.0,0.43,0
0.5384220581548553,50.80461893088177,125.07325050233223,1.1165096356404582,4.6,5.6,4.0,1.0,0.2,0.43,0
0.7845,118.77262061465692,360.57438511216566,1.9275836183158574,6.5,5.2,0.9,1.7,0.8,0.43,0
0.5482177577318219,129.4342861045981,534.2162919958945,2.648917844627741,6.0,13.5,3.3,0.8,0.4,0.43,0
0.91,65.0,195.0,1.3824800747459371,4.3,18.2,6.5,1.0,1.4,0.43,0
0.7351,20.0,255.0,0.5,3.75,15.9,5.4,0.6000000000000001,0.75,0.43,0
0.5319546391889297,243.13063476981324,654.5062968867649,2.831875130781274,4.8,12.4,2.4,3.4,5.0,0.36,1
0.0,85.40555858929591,430.98273119750127,2.338406098794101,3.1,17.5,6.15,0.0,0.0,0.36,1
0.5859,104.8201911854087,510.3147790828858,2.622669838405031,4.3,18.2,6.0,0.2,0.1,0.36,1
0.431,115.64927394578996,523.0380584371496,2.645678414246076,5.8,18.0,6.8,0.4,0.3,0.36,1
0.125,36.33959078524242,207.12920835799372,1.5246563482254862,4.5,19.950000000000003,13.2,0.0,0.0,0.36,1
0.4754,38.61370734940238,178.33781432622,1.3883350543658943,4.3,13.6,8.8,0.0,0.0,0.36,1
0.5432148838488763,39.33255811020254,133.24354057423997,1.1885564411592633,4.55,9.1,6.5,0.2,0.1,0.36,1
0.5359153761794808,107.63931358227993,281.6806478526984,1.6231800602436461,5.0,6.7,2.9,2.0,1.3,0.36,1
0.5423457742385499,57.18777268589669,215.83233904442966,1.4880538058753237,4.35,6.65,2.9,0.0,0.0,0.36,1
0.0,158.3718367242582,431.0078762146257,2.1151676178934133,6.1,6.3,1.2,2.2,2.2,0.36,1
0.0,151.27771793096557,465.4163943748373,2.2863315071855856,5.65,9.4,2.3499999999999996,1.75,1.85,0.36,1
0.72165,96.33205702687391,427.97849000051576,2.2901037955847285,4.4,13.7,4.3,0.3,0.2,0.36,1
0.6117,128.30584942509032,353.45633099421104,1.8781343337321768,3.4,14.45,7.3,1.75,2.8499999999999996,0.36,1
0.5789,69.7687687106544,379.3359864924567,2.1649299768339088,3.4,19.8,9.0,0.0,0.0,0.36,1
0.5994,58.73864073408449,303.21733894584963,1.868613828558506,4.2,17.4,9.2,0.0,0.0,0.36,1
0.1911999999999999,36.23349240500234,187.77929472304152,1.4388728902507586,4.15,16.799999999999997,10.95,0.0,0.0,0.36,1
0.62165,35.59168552458162,171.66709784284555,1.36889395432364,4.0,14.0,9.0,0.0,0.0,0.36,1
0.3506,23.36410487285884,75.35515479111243,0.9878241442759168,4.6,9.9,8.2,0.0,0.0,0.36,1
0.4756,-8.186098875576459,-75.7355950376596,0.4309639971648033,4.1,8.7,9.8,0.0,0.0,0.36,1
0.5349421326666646,131.13209071836968,351.74354584268764,1.8556957040185458,7.8,6.949999999999999,3.85,2.1,1.5,0.36,1
0.58185,76.73061168307947,294.28192264766943,1.7662885548002083,5.0,5.5,1.0,0.0,0.0,0.36,1
0.4404,104.24822990504046,335.7426816684284,1.8633994891055268,4.7,5.3,0.2,1.2,0.6,0.36,1
0.2732,89.88521703968925,323.7922269827309,1.8566068042051855,3.3,8.1,1.45,0.9,0.4,0.36,1
0.0,83.27809716203265,410.25928514782913,2.2548129054902555,3.45,16.45,6.0,0.0,0.0,0.36,1
0.56135,102.36483390368716,491.791244164231,2.54930573517533,4.5,17.0,5.6,0.1,0.1,0.36,1
0.5244,100.34397675909455,506.9664744170178,2.6209802575056402,3.6,17.9,5.3,0.0,0.0,0.36,1
0.5859,67.32867494327587,352.47544830108063,2.0550258805853594,3.55,17.85,8.149999999999999,0.0,0.0,0.36,1
0.6712,91.9066532259595,277.43153027516894,1.655188389070907,4.4,11.1,5.9,1.2,1.3,0.36,1
0.5994,12.876531499661308,9.037159587001298,0.7311193040698222,4.4,6.85,7.0,0.0,0.0,0.36,1
0.7248,48.08154385282798,174.25162367413063,1.336012724424998,4.2,6.3,3.3,0.0,0.0,0.36,1
0.5344174869315883,81.77412667625853,193.6945944431646,1.3180413209930628,4.8,3.2,1.5,1.4,0.8,0.36,1
0.9106,117.32056522457916,326.329729075841,1.785078926179507,4.7,5.5,0.9,2.0,1.3,0.36,1
0.3182,168.51062017254122,551.3113396301095,2.6063203373132344,5.6,11.5,2.4,1.7,2.1,0.36,1
0.6369,84.31611958252242,406.16849716683635,2.233333362011936,4.55,15.35,5.95,0.0,0.0,0.36,1
0.64475,105.89408249254654,513.3575303855945,2.6346840723034823,4.0,20.4,7.5,0.4,0.3,0.36,1
0.4215,99.0632161946553,457.7342533871604,2.413204091246057,4.2,17.3,6.4,0.3,0.3,0.36,1
0.3982,84.57207062702662,387.2955471980965,2.153697417837243,4.15,17.45,7.85,0.3,0.35,0.36,1
0.5470811970569829,7.769749015774193,32.36121840685823,0.8526324085731787,4.5,13.6,11.7,0.0,0.0,0.36,1
-0.8038,35.37378952368711,82.99142091536737,0.9827258936378214,5.8,6.8,6.7,0.0,0.0,0.36,1
0.31245,193.79690694337955,538.1985752645796,2.473100433836934,9.2,7.6,2.6,2.5,2.7,0.36,1
0.6249,124.80018349700995,431.2774876468119,2.214410767452522,6.2,6.5,0.4,1.0,0.7,0.36,1
-0.0516,97.89568612773138,278.97258192757295,1.6395348661080131,5.2,6.2,2.4,1.6,0.7,0.36,1
0.6972,89.5827427370931,291.80738447786314,1.7187372264112888,4.05,6.2,1.4,0.6,0.8,0.36,1
0.36895,147.52338984440797,508.41148806066633,2.4837293532534024,4.7,11.8,2.4,1.6,1.5,0.36,1
0.8899,110.71341026948619,457.16522846676173,2.374910085614415,4.7,15.35,5.449999999999999,0.8,0.6499999999999999,0.36,1
0.8016,87.26160622172452,444.69660177516187,2.39297942646569,4.6,18.5,7.6,0.0,0.0,0.36,1
0.4576,69.21207782943199,359.18888873593755,2.078600250757711,3.8,18.1,8.4,0.0,0.0,0.36,1
0.4215,56.12080838833967,279.39569925566974,1.7737154192373736,4.25,16.950000000000003,9.4,0.05,0.05,0.36,1
0.5436298283623091,2.1683441668679944,-19.91613918840042,0.641803710442735,4.8,10.4,10.5,0.0,0.0,0.36,1
0.0,105.5195203581051,361.53035457098497,1.9732949992950384,6.5,8.1,3.0,1.0,0.4,0.36,1
0.1989,20.976516162419603,46.50873030083514,0.8683657564196882,4.1,7.15,6.35,0.0,0.0,0.36,1
0.5859,100.08656187656561,298.8194784032293,1.7166482460734818,5.1,4.6,0.7,1.3,0.7,0.36,1
0.1289999999999999,123.61611729195161,398.13179529039024,2.0756484651085687,5.6,6.5,0.7,1.5,0.8,0.36,1
0.7105,79.45550345328667,321.23453319275745,1.8751949787948647,4.75,6.9,1.35,0.0,0.0,0.36,1
0.0,55.85443682458227,247.34017442632103,1.6329283267016534,4.2,12.7,6.8,0.0,0.0,0.36,1
0.5514933577491238,76.66234350833085,371.33759694639696,2.106208537644336,4.199999999999999,15.25,6.300000000000001,0.0,0.0,0.36,1
0.69,92.0500163003791,474.6370216801896,2.5077398162329567,4.0,19.0,7.0,0.0,0.0,0.36,1
0.2625,41.244834918049634,243.06766491114763,1.6642335897271088,3.3,20.0,11.7,0.0,0.0,0.36,1
0.7116,77.8544803757359,391.39401653984953,2.1904194854228587,4.25,17.0,7.25,0.0,0.0,0.36,1
0.78975,45.44949934125063,248.82029239288312,1.6745492764321237,3.9,17.8,10.3,0.0,0.0,0.36,1
0.2023,83.5343794061412,347.38992365396916,1.979426451510512,4.5,11.05,3.9,0.3,0.1,0.36,1
0.7574,51.0592707082237,127.93748990004889,1.1280690474406638,4.6,5.6,4.0,1.0,0.2,0.36,1
0.5719,-6.819170565598586,-132.13754825699283,0.17837751431363535,5.449999999999999,1.5,6.4,0.0,0.0,0.36,1
0.4404,121.3816942105795,366.81129153513535,1.9467514775048664,6.5,5.2,0.9,1.7,0.8,0.36,1
0.5292,174.25519577664716,444.13710596303156,2.124055766764566,5.8,5.3,0.3,2.8,2.8,0.36,1
0.2144,125.52907532980558,362.5996162482188,1.9186638947272519,4.15,7.6,1.7000000000000002,1.8,1.6,0.36,1
0.5482103151932305,130.60455934484995,538.3920697673034,2.6634354511683545,6.0,13.5,3.3,0.8,0.4,0.36,1
0.546,98.01554610222448,406.49354801526147,2.193603034843017,3.7,14.35,4.9,0.75,0.5,0.36,1
0.5530938490716266,87.92933419698275,420.9073725229436,2.287790910027913,3.5,17.4,6.6,0.3,0.2,0.36,1
0.27065,135.3857380996161,529.8136555899617,2.61716274677263,4.3,18.2,6.5,1.0,1.4,0.36,1
0.5537373482004542,82.94150506870369,412.67114855874615,2.2674691213653686,4.8,17.6,7.699999999999999,0.0,0.0,0.36,1
0.6369,45.069681156292305,223.01988686520565,1.5622445513926084,4.0,14.9,8.7,0.0,0.0,0.36,1
0.5378059360978418,101.49256751540716,319.5267622002415,1.8016402028239382,5.45,4.9,0.6499999999999999,1.25,0.5,0.36,1
0.4215,26.777192052364377,18.680082883083884,0.7263324122151296,3.8,1.3,2.3,0.3,0.1,0.36,1
0.4215,66.25026525533187,259.63245920358395,1.6485839709013619,3.5,6.0,1.0,0.0,0.0,0.36,1
0.5539273227989284,70.71804457493889,367.42514539854574,2.1090065632916986,3.45,17.65,7.65,0.0,0.0,0.36,1
0.4404,82.39381252322016,424.1689824217652,2.317936780412534,3.1,17.5,6.15,0.0,0.0,0.43,1
0.7506,76.65142841472596,205.68452936778073,1.3855376095543874,4.6,4.5,1.8,1.4,0.5,0.43,1
0.0,60.07475380056606,302.63204996665047,1.8621970259445524,4.2,17.4,9.2,0.0,0.0,0.43,1
0.5440374324014269,21.384941921366078,70.0204425030758,0.9706905652161224,4.6,9.9,8.2,0.0,0.0,0.43,1
0.534949575205256,129.96181747811787,347.567768071279,1.8411780974779333,7.8,6.949999999999999,3.85,2.1,1.5,0.43,1
0.6369,98.7033241817335,502.1168648673679,2.6049423874027817,3.6,17.9,5.3,0.0,0.0,0.43,1
0.5539560278598777,66.29200167983801,348.4910507649608,2.040940041424482,3.55,17.85,8.149999999999999,0.0,0.0,0.43,1
0.7845,86.42461349523913,344.3976209973942,1.9560267117665295,4.5,8.9,2.3,0.3,0.25,0.43,1
0.5517490622334295,83.5019460398853,402.5028801149902,2.219967041866771,4.55,15.35,5.95,0.0,0.0,0.43,1
0.4215,105.65734769144646,510.5190819983675,2.623183740351207,4.0,20.4,7.5,0.4,0.3,0.43,1
-0.7783,102.90986457868584,460.7453937807644,2.4149014745013813,4.2,17.3,6.4,0.3,0.3,0.43,1
0.3348,83.66693297697546,383.49958842572187,2.1400367717423894,4.15,17.45,7.85,0.3,0.35,0.43,1
0.5719,6.495819163267877,28.037158520937254,0.8377817260906979,4.5,13.6,11.7,0.0,0.0,0.43,1
0.5417786222187169,143.31495391587583,482.1517749242155,1.2,4.7,11.8,2.4,1.6,1.5,0.43,1
0.5479319867393011,107.89255895555843,427.2438699495716,0.7,4.7,15.35,5.449999999999999,0.8,0.6499999999999999,0.43,1
0.588,92.3063962654368,489.2256981079689,5.2,4.6,18.5,7.6,0.0,0.0,0.43,1
0.1742,72.67100456298502,387.4841879064061,3.9,3.8,18.1,8.4,0.0,0.0,0.43,1
0.39335,54.37610701409639,269.29218862302065,1.4,4.25,16.950000000000003,9.4,0.05,0.05,0.43,1
0.5440232099631122,1.9575480396291915,-14.878108905365771,1.2,4.8,10.4,10.5,0.0,0.0,0.43,1
0.1779,101.63644825516067,338.60430918461276,0.9,6.5,8.1,3.0,1.0,0.4,0.43,1
0.5387228784777014,104.16569527312168,340.1671639502127,4.4,5.1,4.6,0.7,1.3,0.7,0.43,1
0.547444783559791,50.470484181782226,222.8194577757248,0.6,4.2,12.7,6.8,0.0,0.0,0.43,1
-0.2732,75.94838665927671,345.2526724328439,0.5,4.199999999999999,15.25,6.300000000000001,0.0,0.0,0.43,1
0.765,123.57092027538363,1001.9651636726014,47.3,3.3,20.0,11.7,0.0,0.0,0.43,1
0.7178,84.41126621856472,456.454355819646,6.3,4.25,17.0,7.25,0.0,0.0,0.43,1
0.5525452860905776,44.18704216726414,236.51657582321133,1.1,3.9,17.8,10.3,0.0,0.0,0.43,1
0.5466957928157578,81.19126863827356,343.5142343587283,2.1,4.5,11.05,3.9,0.3,0.1,0.43,1
0.5598017105577563,105.18906950469889,581.697875583324,12.1,3.5,17.4,6.6,0.3,0.2,0.43,1
0.6108,85.35919520289573,436.27199445323174,2.3612602332733177,3.1,17.5,6.15,0.0,0.0,0.21,1
0.0,119.95913256775503,534.5677616005854,2.682612093759626,5.8,18.0,6.8,0.4,0.3,0.21,1
0.5219,37.18763696650332,213.69974450320206,1.5504012627803834,4.5,19.950000000000003,13.2,0.0,0.0,0.21,1
0.4753,41.121784378542955,187.28640253838864,1.4194452783646683,4.3,13.6,8.8,0.0,0.0,0.21,1
0.5719,41.72032806543978,142.01991458904183,1.2192790351635852,4.55,9.1,6.5,0.2,0.1,0.21,1
0.8155,58.553285726094416,223.14423755409126,1.51547187401925,4.35,6.65,2.9,0.0,0.0,0.21,1
0.5423,99.58965680030269,438.00079567616683,2.323636517613262,4.4,13.7,4.3,0.3,0.2,0.21,1
0.5403556706415157,131.11184770486642,362.8317416634537,1.9102077679637637,3.4,14.45,7.3,1.75,2.8499999999999996,0.21,1
0.555981512754902,72.37226558200331,388.4212805852251,2.196348756959046,3.4,19.8,9.0,0.0,0.0,0.21,1
0.5528685991956623,61.44085463249911,312.44400476836506,1.9003512515280632,4.2,17.4,9.2,0.0,0.0,0.21,1
0.6249,90.92226421421,330.6335136403488,1.88296258018795,3.3,8.1,1.45,0.9,0.4,0.21,1
0.5552315548172773,102.7227589280368,515.7299443323697,2.6516735660871293,3.6,17.9,5.3,0.0,0.0,0.21,1
0.8481,107.55144598012262,521.0874417891408,2.6630447441451874,4.0,20.4,7.5,0.4,0.3,0.21,1
-0.8149,25.0,265.0,1.35,4.3,18.2,6.0,0.2,0.1,0.5,1
0.6804,25.0,220.0,1.2,4.5,19.950000000000003,13.2,0.0,0.0,0.5,1
0.5373488120673824,143.45409494381215,424.63842399512134,0.5,5.65,9.4,2.3499999999999996,1.75,1.85,0.5,1
0.0,40.0,160.0,0.9,3.4,14.45,7.3,1.75,2.8499999999999996,0.5,1
0.5507005923967458,80.0,360.0,1.15,4.5,17.0,5.6,0.1,0.1,0.5,1
0.8442,20.0,300.0,0.5,3.55,17.85,8.149999999999999,0.0,0.0,0.5,1
0.5568461397699614,32.5,310.0,1.6,4.55,15.35,5.95,0.0,0.0,0.5,1
0.5106,45.0,485.0,1.35,4.0,20.4,7.5,0.4,0.3,0.5,1
0.5427058689086065,45.0,90.0,0.5,4.5,13.6,11.7,0.0,0.0,0.5,1
0.5483630559366712,17.5,110.0,0.6499999999999999,3.9,11.8,10.75,0.0,0.0,0.5,1
0.5450285678186926,20.0,70.0,0.8,4.0,11.9,6.9,0.0,0.0,0.5,1
0.2716,209.630572980657,523.8420049013826,2.365980454874916,6.0,8.8,2.2,3.65,3.9,0.43,0
0.6908,241.29607789607957,649.3786499187655,2.815208218724754,4.8,12.4,2.4,3.4,5.0,0.43,0
0.9492,30.0,420.0,1.3,3.1,17.5,6.15,0.0,0.0,0.43,0
0.8482,50.0,200.0,0.7,4.3,18.2,6.0,0.2,0.1,0.43,0
0.8625,15.0,60.0,1.6,5.8,18.0,6.8,0.4,0.3,0.43,0
0.60075,15.0,15.0,2.9,4.5,19.950000000000003,13.2,0.0,0.0,0.43,0
0.5574,15.0,80.0,2.0,4.3,13.6,8.8,0.0,0.0,0.43,0
0.8303,60.0,60.0,0.5,4.55,9.1,6.5,0.2,0.1,0.43,0
0.1027,108.28053958981616,280.09991780155707,1.614517469430294,5.0,6.7,2.9,2.0,1.3,0.43,0
-0.3412,59.712055251113306,216.94921734540264,1.4854779040413255,4.35,6.65,2.9,0.0,0.0,0.43,0
0.8878999999999999,153.48889719615187,421.5135775649232,2.088650501083297,6.1,6.3,1.2,2.2,2.2,0.43,0
0.5366376715879185,77.54607100886774,206.96607194308177,1.3884285240652368,4.6,4.5,1.8,1.4,0.5,0.43,0
0.7574,146.9404560493285,456.7037979788837,2.261578050028934,5.65,9.4,2.3499999999999996,1.75,1.85,0.43,0
0.8658,94.55906193985194,422.93929519162333,2.2736381873360294,4.4,13.7,4.3,0.3,0.2,0.43,0
0.83365,20.0,30.0,0.5,3.4,14.45,7.3,1.75,2.8499999999999996,0.43,0
0.9578,20.0,60.0,1.8,3.4,19.8,9.0,0.0,0.0,0.43,0
0.8074,15.0,20.0,1.3,4.2,17.4,9.2,0.0,0.0,0.43,0
0.4404,30.0,30.0,1.4,4.15,16.799999999999997,10.95,0.0,0.0,0.43,0
0.74325,20.0,50.0,11.2,4.0,14.0,9.0,0.0,0.0,0.43,0
0.7574,20.0,80.0,10.8,4.6,9.9,8.2,0.0,0.0,0.43,0
0.5244,-9.560393858454045,-80.20363804659065,0.4157870092069697,4.1,8.7,9.8,0.0,0.0,0.43,0
0.65175,129.47340611254296,346.86806149401883,1.8395992016300051,7.8,6.949999999999999,3.85,2.1,1.5,0.43,0
0.5994,75.48698663470122,290.00106887574714,1.7515338991348712,5.0,5.5,1.0,0.0,0.0,0.43,0
0.5994,102.41314046514441,330.6145345341094,1.846733188551433,4.7,5.3,0.2,1.2,0.6,0.43,0
0.5424048112038572,87.58931153772198,318.00394130533897,1.83845108678377,3.3,8.1,1.45,0.9,0.4,0.43,0
0.5831,147.36162690557083,517.9828014485157,2.5254470300539795,5.4,11.9,2.7,1.3,1.5,0.43,0
0.5719,79.71649201158368,402.65784406276,2.2325664128218636,3.45,16.45,6.0,0.0,0.0,0.43,0
0.7791,100.28408498693233,486.31118126433535,2.5318454499113425,4.5,17.0,5.6,0.1,0.1,0.43,0
0.8631500000000001,97.75727385595826,500.7616147914239,2.6018847016051074,3.6,17.9,5.3,0.0,0.0,0.43,0
0.7003,65.68007763389727,347.61445764582066,2.038962332679117,3.55,17.85,8.149999999999999,0.0,0.0,0.43,0
0.5719,91.15162919666122,273.8506144982701,1.642012918313673,4.4,11.1,5.9,1.2,1.3,0.43,0
0.636,11.55325005921227,4.642195256198491,0.7161071946389792,4.4,6.85,7.0,0.0,0.0,0.43,0
0.83355,46.456571667606866,169.42447683292187,1.3200255341972391,4.2,6.3,3.3,0.0,0.0,0.43,0
0.8230500000000001,27.240683648597745,62.81595527845326,0.9182487091888959,5.15,5.25,5.2,0.0,0.0,0.43,0
0.7269,79.79906100305283,188.3659935329893,1.3009232646106899,4.8,3.2,1.5,1.4,0.8,0.43,0
0.3057,118.6796761995326,325.77738540235526,1.7787364540490327,4.7,5.5,0.9,2.0,1.3,0.43,0
0.4491,87.82706776823369,346.4066856403627,1.9605595197954364,4.5,8.9,2.3,0.3,0.25,0.43,0
0.15195,168.03554341091433,548.1314580745785,2.5940496712594463,5.6,11.5,2.4,1.7,2.1,0.43,0
0.5954,83.31940844237411,402.2413561771659,2.2193767454465005,4.55,15.35,5.95,0.0,0.0,0.43,0
0.5559669454236029,105.09512404595662,509.7137734393857,2.6213675230429523,4.0,20.4,7.5,0.4,0.3,0.43,0
0.2716,98.51977292329835,454.4564344228263,2.400712460936834,4.2,17.3,6.4,0.3,0.3,0.43,0
0.5911500000000001,82.59502137029045,381.96403767669096,2.1365722954805815,4.15,17.45,7.85,0.3,0.35,0.43,0
0.802,5.533670301562315,26.658846730993872,0.8346720089545873,4.5,13.6,11.7,0.0,0.0,0.43,0
0.5407691718062047,28.581244358906524,70.76137923085176,0.9500352761053882,5.8,6.8,6.7,0.0,0.0,0.43,0
0.5326329474235447,191.7060607313185,532.7042225570577,2.455609066691322,9.2,7.6,2.6,2.5,2.7,0.43,0
0.2846,125.0528860025706,429.1401752657252,2.204492323335021,6.2,6.5,0.4,1.0,0.7,0.43,0
0.537614908045606,94.26167051958993,271.2673886465746,1.617054111547048,5.2,6.2,2.4,1.6,0.7,0.43,0
0.6134999999999999,88.76248827649272,288.1330238338494,1.7053509273736407,4.05,6.2,1.4,0.6,0.8,0.43,0
0.8062,144.52481530772977,501.6166079600208,2.46330260596692,4.7,11.8,2.4,1.6,1.5,0.43,0
0.81995,109.83566103770607,453.4085045584641,2.3613379603680684,4.7,15.35,5.449999999999999,0.8,0.6499999999999999,0.43,0
0.5334000000000001,87.21282705440825,442.12740638644823,2.3820865772829416,4.6,18.5,7.6,0.0,0.0,0.43,0
0.86605,66.33392870438838,352.56652223611934,2.058562724911993,3.8,18.1,8.4,0.0,0.0,0.43,0
0.6597,53.954549066448465,273.7931397190755,1.755978759721177,4.25,16.950000000000003,9.4,0.05,0.05,0.43,0
0.5106,43.990137237972704,195.78032483491484,1.4456637459862676,4.0,11.9,6.9,0.0,0.0,0.43,0
0.765,0.07255885223509928,-25.417508107060804,0.624297009100205,4.8,10.4,10.5,0.0,0.0,0.43,0
0.6975,101.43272660691633,353.1765625045297,1.949351068676644,6.5,8.1,3.0,1.0,0.4,0.43,0
0.62165,18.038572475349095,39.80070600616169,0.8481349713169238,4.1,7.15,6.35,0.0,0.0,0.43,0
0.6588,98.61149424020215,294.20707505471705,1.7011455554516748,5.1,4.6,0.7,1.3,0.7,0.43,0
0.5994,120.47892808875648,391.13834484712555,2.0547737077262056,5.6,6.5,0.7,1.5,0.8,0.43,0
0.4215,79.49369819437317,318.78993096019695,1.8645832339860018,4.75,6.9,1.35,0.0,0.0,0.43,0
0.7134499999999999,51.70094913882507,238.89084097329658,1.6087688376811689,4.2,12.7,6.8,0.0,0.0,0.43,0
0.7454000000000001,74.68128905623357,366.00033789419894,2.089070337331006,4.199999999999999,15.25,6.300000000000001,0.0,0.0,0.43,0
0.7269,90.72548042855885,470.2402603327114,2.4927236524121055,4.0,19.0,7.0,0.0,0.0,0.43,0
0.64785,38.46327700858794,236.5836686953263,1.6445082519120042,3.3,20.0,11.7,0.0,0.0,0.43,0
0.56755,77.28657569264064,388.0811557503472,2.177848794508479,4.25,17.0,7.25,0.0,0.0,0.43,0
0.6705,44.777894998136716,245.3588782248907,1.6616434226104193,3.9,17.8,10.3,0.0,0.0,0.43,0
0.6369,80.54688567990851,340.6109172006219,1.959035518002433,4.5,11.05,3.9,0.3,0.1,0.43,0
0.8218,49.61974529404405,123.37600202400304,1.112681231202416,4.6,5.6,4.0,1.0,0.2,0.43,0
0.3119,-6.902237523727472,-134.75586210149746,0.16737384513733566,5.449999999999999,1.5,6.4,0.0,0.0,0.43,0
0.34,120.63126976297556,363.23696481937924,1.9335908728443283,6.5,5.2,0.9,1.7,0.8,0.43,0
0.6705,172.4941177876515,439.11498281255433,2.107628675220943,5.8,5.3,0.3,2.8,2.8,0.43,0
0.6124,122.69462223085853,356.03984582925625,1.8987675968001447,4.15,7.6,1.7000000000000002,1.8,1.6,0.43,0
0.9229,127.86751871353664,531.9717113719885,2.643852735364149,6.0,13.5,3.3,0.8,0.4,0.43,0
0.5441531058683455,15.0,20.0,0.75,3.7,14.35,4.9,0.75,0.5,0.43,0
0.6239,15.0,20.0,1.1,3.5,17.4,6.6,0.3,0.2,0.43,0
0.6571,20.0,110.0,0.85,4.3,18.2,6.5,1.0,1.4,0.43,0
0.8658,15.0,30.0,0.95,4.8,17.6,7.699999999999999,0.0,0.0,0.43,0
0.8908,20.0,30.0,1.15,4.0,14.9,8.7,0.0,0.0,0.43,0
0.706,32.5,90.0,0.5,4.45,9.05,7.15,0.35,0.05,0.43,0
0.5430189827363838,42.34058923473614,153.8266566150973,1.267052074880508,4.8,8.1,5.4,0.0,0.0,0.43,0
0.5378133786364332,100.32229427515534,315.35098442883276,1.7871225962833255,5.45,4.9,0.6499999999999999,1.25,0.5,0.43,0
0.5424452802155834,64.5742784987865,254.7321842682275,1.6324314639904367,3.5,6.0,1.0,0.0,0.0,0.43,0
0.8815999999999999,55.88681965513523,244.12103515814073,1.616155594894368,3.8,9.9,4.3,0.0,0.0,0.43,0
0.8126,165.0,37.5,1.1,4.1,18.5,6.8,0.0,0.0,0.43,0
0.5383075013109133,265.0,820.0,2.0,3.75,15.9,5.4,0.6000000000000001,0.75,0.43,0
0.7351,41.45860768258369,119.36387884953513,1.1189873071939918,4.5,5.2,3.7,0.2,0.1,0.43,0
0.5562,122.94029495128879,348.3192831521945,1.8633154304904833,5.6,5.6,1.4,1.3,1.6,0.43,0
0.5527656210467691,63.53653412649321,331.1708799197518,1.9731966128621752,2.8499999999999996,16.4,6.9,0.0,0.0,0.43,0
0.64185,48.80829818481999,231.92950634624935,1.5874488683937704,3.5,12.9,6.6,0.0,0.0,0.43,0
